source,target
0,4
0,395
0,87
0,1574
1,46
1,2
2,46
2,1
3,401
3,266
3,86
3,69
4,1246
4,1451
5,346
5,87
5,1574
5,1783
6,3071
6,3186
6,260
7,50
7,1718
8,9
8,37
8,121
9,12
9,37
9,8
9,121
10,1406
10,1873
10,1717
11,18
12,108
12,9
12,37
12,121
13,18
13,521
13,1574
14,2855
14,268
14,1211
15,18
15,1243
15,397
15,227
16,1466
16,1903
16,783
16,1815
16,1465
17,1062
17,730
17,2272
18,521
18,13
18,11
19,254
19,1016
20,36
22,345
22,249
22,54
22,783
22,55
22,107
23,25
23,76
23,706
23,2162
24,102
25,76
25,1185
25,23
25,2162
26,2501
27,1341
27,1926
28,167
28,1424
28,730
29,147
29,77
29,239
29,119
31,168
31,1619
31,1229
31,1342
32,129
32,95
32,1118
33,741
33,872
34,3139
34,115
34,70
34,120
34,452
35,129
35,95
35,1118
36,266
36,494
36,2485
36,1901
37,9
37,8
37,121
39,1391
39,1242
39,499
39,206
41,42
41,281
41,282
41,280
41,283
42,41
42,281
42,282
42,280
42,283
43,59
43,48
43,1186
43,44
43,562
44,43
44,59
44,48
44,1186
46,1
46,2
46,199
47,211
47,336
48,934
48,297
48,44
49,977
49,1392
49,1231
49,436
50,7
51,52
53,1335
53,39
53,1784
53,206
54,345
54,249
54,22
54,783
54,55
54,107
55,345
55,249
55,22
55,54
55,783
55,107
56,1183
56,1038
56,80
56,1403
56,371
57,1438
57,2384
57,362
57,1281
58,523
58,2364
58,990
59,62
59,125
59,48
59,44
60,3110
60,36
60,20
60,1115
60,1547
61,1513
61,199
62,1776
62,1064
62,59
62,525
63,2360
63,2967
64,587
65,86
65,234
65,1242
65,443
66,50
66,6
66,454
66,1577
67,346
67,1205
67,5
67,1783
68,284
68,261
68,269
69,266
69,3
69,109
69,260
70,3139
70,115
70,452
70,34
70,120
71,134
71,244
71,245
72,180
73,401
73,1546
73,3026
74,1706
76,25
76,23
77,239
77,147
77,29
77,119
78,1574
78,13
79,716
79,1678
79,821
79,877
79,362
79,957
80,2254
80,56
80,371
81,338
81,710
81,1
81,2
82,2776
82,3239
82,310
82,3269
82,327
84,1406
84,1482
84,88
84,2109
85,110
85,2470
86,3
86,1385
86,527
87,0
87,5
87,1574
88,1406
88,84
88,2109
89,2336
89,90
90,2336
90,89
91,185
91,1070
91,1073
91,2265
92,1274
93,802
93,1410
93,824
93,825
93,1148
94,1128
94,466
94,139
95,129
95,971
95,1050
95,1118
95,1334
96,3139
96,115
96,452
96,34
96,70
96,120
97,2420
98,815
98,2246
98,2595
98,1672
100,1163
100,431
100,1680
100,1492
101,50
101,6
101,1718
101,7
102,24
103,208
103,2767
103,1602
103,328
104,688
104,405
104,404
105,1078
105,2690
105,1453
106,1260
106,2612
106,1358
106,1068
106,1871
107,345
107,249
107,22
107,54
107,783
107,55
108,9
108,37
108,8
108,121
110,85
110,2470
110,900
111,143
111,942
113,1431
113,175
114,209
114,1111
114,136
114,1966
114,186
115,3139
115,452
115,34
115,120
115,70
116,828
116,652
116,205
116,1451
116,1783
117,1297
117,943
117,2580
117,356
118,277
118,2847
119,77
119,239
119,147
119,29
120,115
120,508
120,34
120,70
120,483
121,9
121,37
121,140
121,8
122,1609
122,635
122,2851
122,3386
122,636
122,3029
123,586
123,1881
123,2735
123,1212
125,59
125,1186
125,87
125,44
125,654
126,39
127,20
128,2248
128,2113
128,1440
128,2224
129,1775
129,95
129,1609
129,565
129,1658
129,1118
130,3139
130,115
130,452
130,34
130,70
130,120
132,506
132,1737
132,2648
132,3219
132,3359
133,9
133,37
133,8
133,121
134,1786
134,2039
134,71
134,373
135,719
135,757
135,274
135,369
137,396
138,630
138,389
138,1475
139,514
139,1843
139,253
140,121
141,2884
141,3011
142,2392
142,2391
142,2393
142,214
142,373
143,111
143,942
144,114
144,1111
144,1966
144,1266
145,580
145,569
146,184
146,50
146,1293
148,1088
149,2042
150,3348
150,3347
150,1770
150,1925
151,36
151,20
153,674
153,123
153,678
153,1881
153,2735
154,2104
154,879
154,198
154,599
154,320
155,1128
155,94
155,455
155,139
156,1340
156,554
156,555
156,557
156,553
156,2730
156,559
156,558
158,693
158,1127
158,575
158,1471
158,400
159,160
159,293
159,2003
159,1380
160,293
160,2003
160,667
160,159
160,1380
160,663
161,326
161,515
161,1286
162,2788
162,67
162,1858
162,163
162,13
163,25
163,1185
163,162
163,1577
164,210
164,1257
164,1635
164,571
164,364
164,403
165,114
165,1111
165,1966
166,1198
166,67
166,5
166,87
167,28
167,730
167,1424
168,2113
168,3400
168,3185
169,910
169,768
170,1806
170,1652
170,177
170,720
172,1290
172,1230
172,1097
172,829
172,2299
173,159
174,3307
174,1585
174,3107
174,724
175,1431
176,432
176,2788
176,314
176,3365
176,838
177,1806
177,1652
177,170
177,720
178,285
178,2473
180,72
181,47
181,1637
181,211
183,67
183,13
183,967
184,194
184,1156
184,225
184,187
185,91
185,1073
185,2265
185,1070
186,940
186,629
187,184
187,194
187,1156
187,1512
187,225
189,67
189,13
190,18
191,312
191,1890
191,920
191,533
191,2015
191,302
192,3139
192,115
192,452
192,34
192,120
192,70
193,114
193,1111
193,1966
194,184
194,1156
194,1512
194,225
194,187
196,2445
196,739
196,408
196,2841
197,1041
198,4
198,2203
198,3396
198,3052
199,1513
201,1067
201,339
203,1865
203,2325
203,2647
203,2122
204,9
204,37
204,8
204,121
205,116
205,1451
205,1783
206,39
206,1391
206,1242
206,499
207,381
207,294
207,1261
208,578
208,1601
208,103
208,1602
208,328
209,114
209,1111
209,1966
210,950
210,791
210,1020
210,1423
211,47
212,1014
212,1201
214,331
214,1087
214,142
215,216
215,798
215,39
215,53
215,1335
216,215
216,798
216,39
216,53
216,1335
217,290
217,303
218,620
218,470
218,509
218,2851
219,740
219,1374
219,3409
220,184
220,194
220,1156
220,1512
220,225
220,187
221,369
221,1227
221,1369
221,394
221,1450
222,2896
222,1695
223,1406
223,256
223,490
223,1898
224,815
224,1481
224,632
224,3180
225,184
225,194
225,1156
225,1512
225,187
227,15
227,412
227,413
228,2380
228,1770
229,561
229,451
230,3068
231,232
232,231
234,65
234,86
234,443
235,516
235,87
235,3331
235,876
236,13
238,184
238,194
238,1156
238,1512
238,225
238,187
240,1655
240,1830
240,336
240,335
240,1358
240,2874
241,1065
241,1990
241,921
241,1920
241,1430
241,2985
242,319
242,321
242,315
242,2054
242,332
243,1193
243,1274
244,134
244,71
244,245
245,134
245,71
245,244
246,248
246,247
247,248
247,246
247,2721
248,246
248,2721
248,247
249,345
249,22
249,54
249,1745
249,55
249,1770
250,235
250,20
250,13
250,2689
251,2759
251,1323
251,3167
252,1621
252,1713
252,491
252,395
252,458
253,514
253,1843
253,139
254,437
254,19
255,777
255,2203
255,1024
256,1406
256,223
256,967
256,1898
257,1383
257,1653
257,948
258,406
258,1142
258,1420
258,2553
259,61
259,506
259,2666
259,838
259,787
259,410
260,67
260,6
260,13
261,284
261,68
261,269
262,3232
263,2474
263,2198
263,2365
264,714
264,2680
264,1242
264,983
265,36
265,20
266,1242
267,115
267,34
267,70
267,120
268,14
269,284
269,68
269,261
270,1128
270,94
270,455
270,139
271,18
271,272
271,273
271,78
272,18
272,271
272,273
272,78
273,18
273,271
273,272
273,78
274,519
274,135
274,1146
274,2054
275,765
275,1030
275,766
275,764
275,763
275,762
276,2512
276,2147
276,669
276,39
277,235
277,20
277,13
278,65
278,1025
278,722
278,317
278,908
279,466
279,114
279,1111
280,41
280,42
280,281
280,282
280,283
281,41
281,42
281,282
281,280
281,283
282,41
282,42
282,281
282,280
282,283
283,41
283,42
283,281
283,282
283,280
284,1470
284,68
284,261
284,269
285,1395
285,416
286,36
286,20
287,1274
290,2030
290,217
290,517
291,638
291,139
291,94
291,292
291,1072
292,139
292,291
292,638
292,94
292,1072
293,2003
293,937
293,1380
293,1346
294,837
295,848
295,1310
295,3277
295,2973
295,2235
295,3282
296,3021
296,406
296,1142
296,1420
296,49
296,2553
297,406
297,934
297,48
298,596
298,598
298,597
299,1048
300,1808
300,1239
302,312
302,1890
302,920
302,533
302,2732
302,2015
303,217
303,354
304,1655
304,1830
304,2300
304,303
304,336
304,1358
304,335
304,2874
306,2310
306,2401
306,2396
307,969
307,135
307,563
308,686
308,593
308,1643
309,813
309,1158
309,1034
309,954
310,327
310,82
310,2776
312,1890
312,920
312,2769
312,533
312,2015
312,302
313,2966
313,486
314,432
314,2788
314,176
314,3365
314,838
315,319
315,321
315,2054
315,332
316,852
316,50
316,454
317,470
317,1015
317,509
317,2851
317,1303
318,406
318,1142
318,2553
318,1420
319,445
319,321
319,315
319,2054
319,242
319,332
320,1600
320,2104
320,1058
320,2792
320,599
321,319
321,315
321,2054
321,242
321,332
322,123
322,1881
322,1321
322,474
322,2735
323,134
323,71
323,245
324,2484
326,681
326,161
326,515
326,3015
327,3239
327,310
327,3269
327,82
327,2776
328,208
328,1601
328,103
328,1602
329,341
329,1638
329,860
329,576
330,2339
331,380
331,214
331,373
332,319
332,445
332,321
332,315
332,2054
332,242
333,485
334,1655
334,1728
334,1830
334,336
334,335
335,1655
335,1830
335,2300
335,303
335,336
335,2874
335,334
335,1358
336,1655
336,1830
336,2300
336,303
336,1358
336,335
336,2874
337,1128
337,94
337,455
337,139
337,270
338,81
338,710
338,1
338,2
338,199
339,201
339,1274
340,923
340,3268
340,2388
340,794
340,2365
340,793
341,329
341,1096
341,860
341,576
342,1607
342,1545
342,807
342,383
342,806
343,1616
343,1709
344,1586
344,671
344,1587
344,751
344,1588
345,1556
345,22
345,1745
345,2203
345,55
345,1770
345,375
346,266
346,67
346,5
346,87
347,360
347,2693
347,2641
347,2644
348,887
348,821
348,3188
348,3212
348,1446
349,271
349,1199
349,272
349,273
349,1223
351,399
352,1387
352,1246
353,266
353,434
353,260
353,447
353,386
354,1187
354,303
354,2583
355,1059
356,117
356,700
356,525
357,18
357,78
357,758
357,1701
358,1406
358,1589
358,50
359,2261
359,654
360,3235
360,347
360,2713
361,114
361,1111
361,1966
362,716
362,1678
362,57
362,691
362,1281
362,79
363,849
363,476
363,2399
364,2054
364,139
364,1128
364,94
364,455
365,114
365,1111
365,1966
366,489
367,664
367,374
367,668
367,665
368,2564
368,2538
368,865
369,135
369,1510
369,1651
370,1775
370,1024
370,573
370,3088
371,1183
371,1038
371,80
371,1403
371,56
372,2651
372,420
372,1711
373,331
373,134
373,142
374,367
374,664
374,668
374,665
375,345
375,2504
375,1556
375,2503
375,2203
376,1065
376,978
376,1990
376,921
376,2985
377,293
377,2003
377,1694
377,830
377,1380
378,719
378,757
378,369
378,976
378,1510
379,2457
379,498
379,414
380,331
380,3221
381,207
381,294
381,1261
383,342
383,807
383,806
384,1493
384,2683
384,2760
384,2729
385,114
385,1111
385,1966
386,353
386,266
386,434
386,260
386,447
387,3139
387,115
387,452
387,34
387,70
387,120
388,3110
388,36
388,20
389,703
389,630
389,138
389,1475
390,579
390,3032
390,2618
393,3021
393,406
393,1142
393,1420
393,49
393,2553
394,1087
394,369
394,1017
394,221
395,0
395,4
395,458
396,137
397,15
397,906
397,227
399,351
400,158
400,693
400,1127
400,575
400,1471
401,453
401,115
401,3
401,452
401,120
402,2216
402,2901
403,1635
403,571
403,164
404,688
404,104
404,405
405,688
405,104
405,404
406,2855
406,3021
406,1142
406,1420
406,49
406,2553
407,406
407,655
407,1132
407,2553
408,2445
408,586
408,196
408,739
409,1540
410,1495
410,3185
412,758
412,227
412,413
413,758
413,227
413,412
414,3230
414,2075
414,3378
414,3086
414,2573
415,266
415,6
416,285
416,1077
416,675
416,3088
417,345
417,249
417,22
417,54
417,55
417,1770
417,107
418,1087
419,2778
419,1721
419,1626
420,372
420,3083
420,1711
421,114
421,1111
421,1966
422,1078
423,878
423,735
423,523
423,996
423,525
424,1359
424,626
425,1128
425,94
425,337
425,455
425,253
425,139
426,113
426,1950
426,2359
427,114
427,1111
427,1966
428,430
428,522
428,429
429,430
429,522
429,428
430,522
430,428
430,429
431,1163
431,1680
431,1492
431,100
432,2788
432,314
432,176
432,3365
432,838
433,1698
433,439
433,438
434,353
434,0
434,4
434,386
435,2011
435,1385
435,505
436,977
436,1392
436,49
437,254
437,1016
438,1698
438,433
438,439
439,433
439,1698
439,438
440,741
440,1839
443,65
443,86
443,234
443,685
443,699
444,960
444,1409
445,319
445,315
445,2054
445,1091
445,242
446,3139
446,115
446,452
446,34
446,70
446,120
447,266
447,1242
448,266
448,36
448,581
449,1128
449,94
449,337
449,455
449,139
450,114
450,1111
450,1966
450,1266
451,561
451,229
452,401
452,453
452,115
452,34
452,120
453,114
454,656
454,50
454,6
454,1577
454,358
454,3294
454,316
454,1559
455,1128
455,94
455,337
455,139
456,115
456,34
456,70
456,120
457,114
457,1111
458,252
458,491
458,395
458,336
460,461
463,59
463,48
463,44
463,465
464,59
464,48
464,44
464,465
464,463
465,59
465,48
465,44
465,463
466,279
466,768
466,227
467,1728
467,737
467,2580
468,1846
468,1509
468,1473
469,1128
469,94
469,337
469,455
469,253
469,139
470,1924
470,1015
470,509
470,2851
471,472
472,471
473,1128
473,94
473,337
473,455
473,253
473,139
474,123
474,1881
474,322
474,1321
474,2735
475,741
475,1839
476,849
476,2399
476,853
476,2943
476,363
477,228
477,3348
477,3347
477,1770
478,228
478,477
478,689
478,3347
478,1770
479,3243
480,336
480,1655
480,1830
480,335
480,481
481,336
481,1655
481,1830
481,335
481,480
482,516
482,523
482,205
483,115
483,508
483,34
483,120
483,70
484,2814
484,3127
485,333
486,313
486,2966
487,1125
487,1750
487,1859
487,3186
487,1523
487,1883
489,1457
489,366
489,781
490,223
490,303
490,217
491,252
491,395
491,458
492,1005
492,266
492,1242
492,1145
494,36
494,1097
495,1943
495,1712
496,1927
496,1928
496,2300
496,777
496,1854
496,675
496,2930
496,1929
496,2664
497,1128
497,94
497,337
497,455
497,139
498,414
499,39
499,1242
501,1600
501,2104
501,1058
501,198
501,599
501,320
502,1138
502,503
502,470
502,509
502,2851
503,1138
503,470
503,509
503,2851
503,502
504,1111
504,1514
504,2525
504,2526
505,1394
505,2739
505,1093
506,61
506,259
506,132
506,410
507,1213
507,2110
507,2903
508,3139
508,115
508,452
508,34
508,70
508,483
508,120
509,470
509,1015
509,2851
509,1924
510,43
510,59
510,48
510,1186
510,44
512,1608
513,1655
513,1830
513,336
513,335
513,334
513,2874
514,1843
514,253
514,139
515,184
515,741
515,1455
515,316
516,235
516,1
516,2203
517,290
517,2030
517,2228
517,303
517,217
518,145
518,580
518,569
519,274
520,2716
520,593
521,18
521,78
521,1574
521,13
522,430
522,1482
522,428
522,84
522,429
523,1549
523,1940
523,58
524,498
524,414
525,735
525,356
526,1949
526,1916
527,86
527,1007
527,36
527,20
531,921
531,630
531,138
531,1475
533,312
533,1890
533,920
533,2015
533,302
534,1249
535,537
535,406
535,1142
535,1420
535,2553
535,536
536,2553
536,535
536,537
536,406
537,2553
537,535
537,406
537,536
538,1176
538,717
538,1278
540,114
540,1111
540,1966
541,2369
541,2965
541,2480
542,1336
543,114
543,1111
543,552
545,395
546,46
546,1914
546,3
546,69
546,1024
546,3396
548,406
548,1142
548,1420
548,1137
548,2553
549,828
549,3258
549,1261
550,114
550,1111
550,1966
551,1256
551,1873
551,1153
551,1255
551,1254
552,1111
552,543
553,1340
553,555
553,556
553,156
553,557
553,2730
553,558
554,1340
554,555
554,556
554,156
554,557
554,2730
554,558
555,1340
555,554
555,556
555,156
555,557
555,553
555,2730
555,559
555,558
556,554
556,555
556,557
556,553
556,559
556,558
557,1340
557,555
557,556
557,156
557,553
557,2730
557,558
558,1340
558,555
558,556
558,156
558,557
558,553
558,2730
559,1340
559,555
559,556
559,156
559,557
559,2730
559,558
561,3072
561,3143
561,3197
561,1178
561,1912
561,2294
562,59
562,1186
562,44
563,969
563,135
563,307
564,1660
564,1557
565,129
565,1647
565,406
565,1142
565,1420
565,2553
566,746
566,1763
566,2024
568,587
569,145
569,580
569,956
570,774
570,621
570,2335
570,2344
571,572
571,1892
571,1676
571,1635
571,164
572,1892
572,1676
572,1635
572,571
573,1590
573,1408
573,1026
573,1972
573,370
573,1024
573,3088
575,158
575,693
575,1127
575,1471
575,400
576,341
576,1638
576,329
577,312
577,1890
577,920
577,533
577,302
578,208
578,305
578,1555
578,3379
578,3223
579,1552
579,988
580,145
580,956
580,569
581,448
581,687
581,1924
581,177
581,499
582,637
582,902
582,1252
583,584
584,235
584,583
584,20
584,13
585,3293
585,595
586,2445
586,123
586,739
586,408
587,3405
589,1467
589,1993
589,1037
589,1280
590,1122
590,980
590,745
592,1087
592,1111
593,638
593,520
593,308
593,895
594,115
594,34
594,70
594,120
595,498
595,3293
595,585
596,298
596,597
596,598
597,596
597,598
597,298
598,596
598,298
598,597
599,198
599,1600
599,2104
599,320
600,640
600,2120
601,2597
601,2596
601,1036
601,2598
602,2714
602,1459
603,282
604,2610
604,2899
604,2808
604,3216
605,1128
605,94
605,337
605,455
605,253
605,139
606,615
606,613
606,619
606,609
606,617
606,610
607,1128
607,94
607,337
607,455
607,253
607,139
608,1128
608,94
608,337
608,455
608,253
608,139
609,615
609,613
609,619
609,617
609,610
609,606
610,615
610,613
610,619
610,609
610,617
610,606
611,1128
611,94
611,337
611,455
611,253
611,139
612,1128
612,94
612,337
612,455
612,253
612,139
613,615
613,619
613,609
613,617
613,610
613,606
614,1128
614,94
614,337
614,455
614,253
614,139
615,613
615,619
615,609
615,617
615,610
615,606
616,1128
616,94
616,337
616,455
616,253
616,139
617,615
617,613
617,619
617,609
617,610
617,606
618,1128
618,94
618,337
618,455
618,253
618,139
619,615
619,613
619,609
619,617
619,610
619,606
620,218
620,470
620,509
620,2851
621,774
621,570
621,2335
621,2344
622,470
622,2847
622,1015
622,509
622,2851
624,892
624,423
624,713
624,585
626,424
626,1359
627,1839
627,1840
627,1841
627,1838
628,169
628,768
629,940
629,1111
629,186
630,138
630,389
630,1475
630,531
631,2812
631,1648
632,224
632,815
632,3037
632,2688
633,65
633,86
633,234
634,1111
634,721
635,636
635,1609
635,1666
637,902
637,582
638,251
638,2759
638,1323
638,3167
639,1963
639,2236
639,1653
639,1874
639,1870
640,600
640,2120
641,656
641,2575
641,50
641,6
641,1577
641,1559
642,508
642,130
643,644
643,645
643,646
644,643
644,645
644,646
645,644
645,643
645,646
646,644
646,643
646,645
647,984
648,935
648,1011
648,2092
648,649
649,935
649,571
649,648
649,1011
649,2092
650,653
652,2161
652,1513
652,2378
653,650
654,359
654,125
654,2261
654,87
655,2823
655,407
655,1132
655,1693
657,229
657,451
658,656
658,103
658,2813
658,2049
658,53
658,206
659,2968
659,3321
659,1179
659,2042
659,2587
660,3007
660,3342
660,1221
660,3008
661,1432
661,1006
662,235
662,20
662,13
662,2689
663,293
663,2003
663,667
663,666
663,1380
664,367
664,374
664,668
664,665
665,367
665,664
665,374
665,668
666,2003
666,667
666,1380
666,663
667,2003
667,666
667,1380
667,663
668,367
668,664
668,374
668,665
670,3368
670,1111
670,998
671,1586
671,1587
671,751
671,344
671,1588
673,811
674,123
674,153
674,1881
674,2735
674,1212
675,285
675,1077
675,416
675,3088
676,114
676,1111
676,1966
676,1266
677,587
678,123
678,153
678,1881
678,2735
678,1212
680,2235
681,1363
681,1360
681,326
681,1362
682,15
682,1747
682,758
682,1956
682,227
683,114
683,1111
683,1966
683,1244
684,1807
685,1404
685,1462
685,239
686,308
686,94
686,2963
687,448
687,581
687,1924
688,104
688,405
688,404
689,228
689,1770
689,478
690,114
690,1111
690,1966
690,1266
691,716
691,1678
691,362
691,2163
692,498
692,414
693,1471
693,158
693,1127
693,575
693,400
694,2994
695,1714
695,1625
695,1459
695,1174
695,1413
696,1319
696,123
696,1881
696,2735
696,1212
698,1946
698,433
698,439
698,1947
698,438
699,65
699,86
699,234
699,685
699,443
700,356
701,1319
701,123
701,1881
701,2735
701,1212
703,630
703,138
703,389
703,1475
705,129
705,971
705,1050
705,95
705,1118
706,23
707,2690
707,105
707,2306
708,2875
709,114
709,1111
709,1966
710,81
710,266
711,3103
711,3102
711,1377
711,712
712,3103
712,711
712,3102
712,1377
713,134
713,71
713,624
714,1191
714,1242
714,199
715,3021
715,406
715,1142
715,1420
715,49
715,2553
716,1678
716,691
716,1505
716,150
716,362
716,79
717,2108
717,538
717,1176
717,1278
719,2324
719,757
720,1806
720,1307
720,1652
720,177
720,170
720,2787
722,1128
722,94
722,337
722,455
722,253
722,139
723,1087
724,3307
724,1585
724,2451
724,2831
724,174
725,759
725,765
725,761
725,762
725,766
725,763
726,266
726,36
726,447
726,2485
726,1901
727,1079
727,313
727,2966
727,1349
727,789
729,1941
729,3141
729,177
729,499
730,1062
730,2272
730,28
730,17
731,1068
731,2392
731,2391
731,2393
731,1529
731,1592
733,1655
733,1830
733,2300
733,303
733,336
733,335
733,1358
733,2874
734,199
735,1355
735,1343
735,523
735,525
736,114
736,1111
736,1966
737,1728
737,303
737,467
737,336
737,335
738,976
738,1440
738,743
738,128
739,2445
739,408
739,2582
739,3226
740,1374
740,3409
740,2112
740,219
741,440
741,1813
741,475
742,3298
742,1411
742,3033
742,2982
742,3027
743,976
743,1440
743,738
743,128
744,301
744,994
745,1122
745,590
745,980
746,1763
746,2024
748,741
748,872
749,3136
751,671
751,344
752,751
752,671
752,344
753,1586
753,671
753,1587
753,751
753,344
753,1588
754,1520
754,1423
755,1674
755,1888
755,301
757,719
757,2324
757,135
758,18
758,15
758,357
758,227
758,2799
758,1956
759,765
759,725
759,766
759,761
759,764
759,763
759,762
760,1128
760,94
760,337
760,455
760,139
761,759
761,765
761,766
761,764
761,763
761,762
763,759
763,765
763,766
763,761
763,764
763,762
764,759
764,765
764,766
764,761
764,763
764,762
765,759
765,766
765,761
765,764
765,763
765,762
766,765
766,761
766,763
766,762
766,764
767,855
767,2006
767,2558
767,854
768,169
768,466
769,1297
769,406
769,2410
769,2553
770,470
770,2847
770,1015
770,509
770,2851
771,1128
771,94
771,337
771,455
771,253
771,139
772,773
773,772
774,621
774,570
774,2335
774,2344
775,994
775,466
775,2561
776,234
776,1242
777,18
777,1024
777,255
779,1116
779,933
781,2750
783,1466
783,16
783,1903
783,1815
783,1465
784,204
784,140
784,373
786,1274
786,787
787,786
787,1274
789,727
789,1079
789,1349
789,1426
791,950
791,1020
791,210
791,1423
792,3159
792,412
792,413
792,227
793,923
793,3268
793,340
793,2388
793,794
793,2365
794,923
794,3268
794,340
794,2388
794,2365
794,793
795,803
796,2346
796,908
796,2427
796,2338
796,1809
796,2029
797,746
797,1763
797,2024
798,1655
798,1830
798,216
798,215
798,336
798,335
799,2492
799,3165
799,2887
800,3048
800,3165
800,1154
800,801
801,3048
801,800
801,3165
801,1154
802,93
802,1410
802,1522
803,795
804,43
804,59
804,48
804,44
806,342
806,2190
806,807
806,383
807,342
807,2190
807,383
807,806
808,2976
808,2844
808,1839
808,1184
809,134
809,323
809,71
809,245
810,3126
810,1125
811,2817
811,673
812,2390
812,1711
813,309
813,1158
813,1034
813,954
814,2883
814,2963
815,656
815,98
815,632
815,1672
816,114
816,1111
816,1966
817,596
817,598
817,298
817,597
818,596
818,598
818,298
818,597
819,1544
819,1323
819,899
820,266
820,1185
820,3368
820,109
820,1242
820,3207
821,887
821,3188
821,3212
821,348
821,79
821,957
822,67
822,5
823,123
823,2810
823,1881
823,1531
823,1321
823,2811
824,1150
824,825
824,1148
825,824
826,15
826,1747
826,758
826,1956
826,227
828,1261
828,549
829,3182
829,1230
829,1097
829,172
829,2299
829,3278
830,293
830,2003
830,1694
830,377
830,1380
831,930
831,109
831,822
833,1053
833,2049
834,679
834,1286
835,1600
835,2104
835,1058
835,599
835,320
837,294
837,1807
838,432
838,2788
838,314
838,176
838,3365
839,2784
839,338
839,265
839,364
840,841
840,114
840,1111
840,1966
841,114
841,1111
841,1966
841,840
842,129
842,95
842,1118
843,1100
843,1085
843,1844
843,844
844,1100
844,843
844,1085
844,1844
846,1296
847,2447
847,2738
848,295
848,1310
848,2973
848,2235
849,476
849,2399
849,347
849,2641
849,363
850,851
851,1690
851,850
852,50
852,6
852,454
852,316
853,47
853,1655
853,17
853,336
853,458
854,767
854,855
855,767
855,854
855,199
856,2829
857,2287
858,86
858,205
858,1956
859,36
859,20
860,2128
860,341
860,903
860,329
861,3
861,1
862,114
862,1111
862,1966
862,1401
863,1976
864,1655
864,1830
864,2300
864,303
864,336
864,1358
864,335
864,2874
865,2606
865,1273
865,1764
865,368
866,312
866,1890
866,920
866,533
866,2015
866,302
869,774
869,1513
869,1970
869,2842
869,1207
870,115
870,34
870,70
870,120
871,741
871,872
872,741
873,2414
873,913
873,543
875,13
876,235
876,516
876,1495
876,87
876,3331
876,2851
877,79
877,821
877,1691
877,3316
877,957
878,996
878,523
878,925
878,423
878,525
879,154
879,2104
879,198
879,599
879,320
880,1655
880,1830
880,336
880,335
880,1358
880,2874
881,1655
881,1830
881,336
881,335
881,1358
881,2874
882,373
883,406
883,1142
883,1420
883,49
883,2553
884,470
884,2847
884,1015
884,509
884,2851
885,2737
885,1389
885,2010
885,2722
886,1655
886,1830
886,2300
886,303
886,336
886,335
886,2874
886,1358
887,208
887,821
887,3188
887,3212
887,348
887,1446
888,50
888,6
888,454
888,1577
889,79
889,208
889,1669
889,2314
890,1655
890,2213
890,2212
891,235
891,916
891,20
891,13
892,624
895,593
895,3344
896,1735
896,2415
897,1196
897,1240
897,1915
897,1415
898,2606
898,2203
898,1113
899,819
899,1544
899,2684
899,2233
900,110
901,59
901,1186
901,44
902,637
902,1252
902,582
902,1462
903,2128
903,341
903,329
903,860
903,576
904,406
904,1142
904,1420
904,2553
905,359
905,2261
905,654
906,15
906,1154
906,397
906,227
907,746
907,1763
907,2024
907,1384
908,65
908,2346
908,278
908,2427
908,796
908,1809
908,2338
908,2029
910,1216
910,1045
910,169
910,1126
911,1128
911,94
911,337
911,455
911,253
911,139
912,37
912,8
912,11
913,2414
913,873
913,543
914,114
914,1111
914,1966
915,134
915,71
915,245
916,235
916,20
916,13
916,891
917,932
917,4
917,357
917,996
919,59
919,48
919,2560
919,44
919,1197
920,312
920,1890
920,533
920,2732
920,302
921,1065
921,1990
921,2985
923,3268
923,340
923,2388
923,794
923,2365
923,793
924,312
924,1128
924,1890
924,1633
924,2698
925,878
925,996
926,703
926,630
926,138
926,1475
927,498
929,1574
929,13
930,831
930,109
931,1388
931,1224
932,2227
932,4
932,357
932,996
933,2567
933,1116
933,779
933,2555
933,949
934,48
934,297
935,648
935,1011
935,1035
935,1521
935,649
936,1385
936,2649
936,20
936,13
936,2689
937,293
937,2003
937,159
937,1380
937,1346
938,2529
938,1517
938,1627
938,2184
938,2549
938,206
940,1111
940,186
940,629
941,184
941,194
941,1156
941,1512
941,225
941,187
942,143
942,111
943,117
943,2580
943,334
944,470
944,2847
944,1015
944,509
944,2851
946,1274
947,114
947,1111
947,1966
948,257
948,1653
949,341
949,329
949,1116
949,933
949,576
950,791
950,1020
950,210
950,1423
951,114
951,1111
951,1966
953,406
953,2072
953,1142
953,1605
953,1420
953,2553
954,813
954,309
954,1158
954,1034
955,406
955,1142
955,2553
955,1420
956,145
956,580
956,569
957,821
957,1691
957,877
957,79
957,3316
958,965
959,1642
959,36
959,20
960,1409
960,444
961,359
961,2261
961,654
962,596
962,963
963,596
963,962
963,1226
964,3254
964,36
964,20
965,958
966,985
966,335
966,989
966,982
967,183
967,256
967,2943
968,1128
968,94
968,337
968,139
969,824
969,825
970,1979
970,1886
970,59
970,48
970,44
971,1908
971,129
971,95
971,1971
971,1118
972,123
972,2371
972,1881
972,2735
972,1212
973,726
973,1739
973,1427
974,1128
974,94
974,337
974,455
974,253
974,139
976,378
976,135
976,128
977,1392
977,436
977,49
978,1065
978,1990
978,921
978,376
978,2985
979,114
979,1111
979,1966
979,1266
980,1122
980,590
980,745
981,2361
982,985
982,966
982,335
982,989
983,114
983,1111
983,2680
983,1966
983,264
984,647
985,966
985,335
985,989
985,982
986,1517
986,499
987,3021
987,406
987,1142
987,1420
987,49
987,2553
988,1552
988,579
989,985
989,966
989,982
990,2045
990,58
991,2768
991,67
991,13
992,1536
992,2815
992,2791
992,1816
993,1728
993,406
993,1142
993,1420
993,2553
994,775
995,1623
996,878
996,523
996,925
996,423
997,0
997,2311
997,434
997,4
997,395
997,1970
998,670
998,2626
998,1119
1000,3110
1000,36
1000,20
1001,184
1001,194
1001,1156
1001,1512
1001,225
1001,187
1003,165
1005,2759
1005,492
1005,1145
1005,1323
1005,3167
1006,1432
1006,1485
1006,661
1007,86
1007,527
1007,1523
1008,114
1008,1111
1008,1966
1009,1258
1010,2316
1010,336
1010,335
1011,935
1011,648
1011,2092
1011,649
1012,579
1012,3032
1013,1406
1013,894
1014,1201
1014,2158
1014,212
1015,470
1015,2847
1015,509
1015,2851
1016,254
1016,437
1016,635
1016,121
1016,19
1017,67
1017,3
1017,394
1017,1
1017,1574
1017,13
1018,3298
1018,1411
1018,3033
1018,2982
1018,3027
1020,1565
1020,950
1020,791
1020,210
1020,1423
1021,285
1021,3110
1021,36
1021,20
1022,1319
1022,123
1022,1881
1022,2735
1022,1212
1024,777
1024,255
1025,65
1025,722
1025,278
1025,317
1025,3161
1026,1590
1026,1408
1026,1972
1026,370
1026,1024
1026,573
1026,3088
1027,3139
1027,115
1027,452
1027,34
1027,70
1027,120
1028,498
1028,414
1029,2855
1029,2214
1029,1030
1029,1869
1030,2214
1030,1029
1030,1869
1031,1406
1031,894
1031,1013
1031,336
1031,335
1032,109
1032,1
1032,2
1032,199
1033,2492
1033,114
1033,1111
1033,1966
1034,813
1034,309
1034,1158
1034,954
1036,2597
1036,1520
1036,601
1037,1467
1037,589
1037,1993
1037,1280
1038,1183
1038,80
1038,1403
1038,56
1038,371
1041,197
1042,50
1042,6
1042,454
1042,1577
1042,260
1042,1559
1043,1960
1044,43
1044,59
1044,48
1044,44
1045,1216
1045,910
1045,1832
1045,1179
1045,1126
1046,1953
1046,2033
1046,2155
1047,114
1047,1111
1047,1966
1048,299
1049,77
1049,147
1049,29
1049,119
1050,129
1050,971
1050,95
1050,1118
1050,1334
1052,1175
1052,1675
1053,2651
1056,293
1056,2003
1056,159
1056,1380
1057,1035
1058,1933
1058,1600
1058,2104
1058,2792
1058,599
1058,320
1059,355
1059,114
1059,1111
1059,1966
1060,114
1060,1111
1060,1966
1061,498
1061,414
1062,2272
1062,17
1062,730
1064,1823
1064,62
1064,1099
1065,1990
1065,921
1065,2866
1065,2985
1066,3
1066,4
1066,69
1066,1024
1067,115
1067,201
1067,34
1067,120
1068,731
1068,1358
1068,2392
1068,2391
1068,2393
1068,1529
1068,1592
1069,2652
1070,2291
1070,185
1070,2292
1070,1073
1071,20
1071,2829
1071,2284
1072,291
1072,638
1072,2620
1072,292
1073,2291
1073,185
1073,2292
1073,1070
1074,2319
1074,2021
1074,2022
1074,2023
1074,2320
1074,2321
1074,2449
1075,77
1075,147
1075,29
1075,119
1077,285
1077,675
1077,416
1077,3088
1078,2690
1078,105
1078,2306
1079,727
1079,1349
1079,789
1079,1426
1080,2150
1080,2339
1080,676
1080,1249
1080,2542
1082,1508
1083,1615
1083,2377
1083,2127
1083,2988
1083,1878
1085,1100
1085,843
1085,1844
1085,844
1086,1655
1086,1830
1086,2300
1086,303
1086,336
1086,335
1086,2874
1086,1358
1087,418
1087,592
1087,394
1087,1604
1087,214
1088,12
1088,9
1088,37
1088,2649
1088,8
1090,2406
1090,2407
1091,319
1091,445
1091,315
1091,2054
1091,242
1092,1256
1092,18
1092,1255
1092,1254
1092,11
1093,435
1093,505
1093,2062
1093,1751
1094,36
1094,3046
1094,20
1094,1593
1095,1128
1095,94
1095,1877
1095,455
1095,2743
1095,139
1096,341
1096,329
1096,576
1097,494
1097,172
1097,3288
1098,2603
1099,1064
1099,1823
1099,62
1099,406
1100,843
1100,1085
1100,1844
1100,844
1101,345
1101,249
1101,22
1101,54
1101,783
1101,55
1101,107
1102,136
1103,136
1105,746
1105,1763
1105,2024
1105,1106
1106,746
1106,1763
1106,2024
1106,1105
1107,656
1107,1566
1107,1751
1107,1503
1108,1100
1108,114
1108,1111
1108,1085
1110,312
1110,1890
1110,920
1110,533
1110,2015
1110,302
1111,1514
1111,2526
1111,504
1111,2525
1112,1655
1112,1124
1112,1830
1112,336
1112,335
1113,2606
1113,898
1113,1836
1113,2203
1113,2055
1114,381
1114,661
1115,20
1115,60
1115,1547
1116,406
1116,933
1116,779
1116,949
1117,1312
1118,129
1118,971
1118,1050
1118,95
1119,0
1119,998
1121,184
1121,194
1121,1491
1121,1512
1121,225
1121,187
1122,590
1122,980
1122,745
1123,3139
1123,115
1123,452
1123,34
1123,70
1123,120
1124,1655
1124,1830
1124,2300
1124,303
1124,1112
1124,336
1124,1358
1124,335
1124,2874
1125,1859
1125,3186
1125,2804
1125,487
1125,810
1125,1883
1125,1523
1126,1216
1126,910
1126,1832
1126,1179
1126,1045
1127,158
1127,693
1127,575
1127,1471
1127,400
1128,94
1128,337
1128,139
1128,270
1129,3139
1129,115
1129,452
1129,34
1129,70
1129,120
1130,15
1130,758
1130,1956
1130,227
1130,1131
1131,15
1131,758
1131,1130
1131,1956
1131,227
1132,86
1132,655
1132,407
1133,406
1133,1142
1133,1420
1133,2553
1134,1637
1134,1242
1134,1337
1135,65
1135,1025
1135,722
1135,908
1135,278
1135,1132
1135,317
1136,1931
1136,253
1136,139
1136,3228
1137,1655
1137,1830
1137,336
1137,1358
1137,335
1137,2874
1138,502
1138,503
1138,470
1138,509
1138,2851
1139,1141
1139,1140
1140,1139
1140,1141
1141,1139
1141,1140
1142,3021
1142,406
1142,2331
1142,1420
1142,49
1142,2553
1143,1128
1143,94
1143,455
1143,139
1144,1309
1144,3076
1144,2334
1144,1597
1145,1005
1145,2759
1145,492
1145,1323
1145,3167
1146,135
1146,274
1146,1592
1147,301
1147,994
1148,824
1148,825
1149,969
1149,824
1149,825
1152,1319
1152,123
1152,1881
1152,2735
1152,1212
1153,551
1153,1256
1153,1873
1153,1255
1153,1254
1154,800
1154,801
1155,746
1155,1763
1155,2024
1155,1333
1156,184
1156,194
1156,225
1156,187
1157,1167
1158,813
1158,309
1158,1034
1158,954
1159,301
1159,994
1160,1162
1160,1161
1161,1160
1161,1162
1162,1160
1162,1161
1163,2065
1163,1680
1163,1492
1164,2834
1164,1049
1164,2922
1166,136
1167,1157
1169,312
1169,1890
1169,920
1169,533
1169,2015
1169,302
1170,1623
1170,1210
1170,1382
1171,341
1171,329
1171,860
1171,576
1172,656
1172,50
1172,6
1172,454
1172,1577
1172,1042
1172,1559
1173,1405
1174,1714
1174,1625
1174,1459
1174,695
1174,1413
1175,1052
1175,1675
1176,2108
1176,538
1176,717
1176,1278
1177,3332
1177,704
1178,3143
1178,561
1178,3197
1178,1912
1178,2294
1179,1216
1179,910
1179,1832
1179,1045
1179,1126
1180,61
1180,506
1180,259
1180,838
1180,787
1180,410
1183,2249
1183,1891
1183,80
1183,56
1183,371
1184,1474
1184,808
1184,2964
1184,1839
1184,2434
1185,266
1185,1242
1185,3207
1186,59
1186,48
1186,44
1187,67
1187,354
1187,2583
1188,2075
1188,596
1188,2109
1188,3292
1188,265
1188,504
1189,305
1190,115
1190,34
1190,120
1190,70
1191,3311
1191,714
1193,20
1193,243
1194,313
1194,2966
1194,486
1195,1406
1195,1065
1195,921
1196,1240
1196,897
1196,1415
1196,1915
1197,919
1197,2560
1197,1677
1198,166
1198,1835
1198,5
1198,20
1198,13
1199,271
1199,349
1199,272
1199,273
1199,1223
1200,2855
1200,828
1200,1783
1201,2577
1201,1014
1201,212
1202,312
1202,1890
1202,920
1202,533
1202,2015
1202,302
1203,78
1204,1287
1205,266
1205,67
1205,5
1205,87
1205,1783
1206,1830
1206,336
1206,335
1206,1358
1207,869
1207,1513
1207,1970
1207,2842
1208,1024
1208,2251
1208,2601
1209,759
1209,275
1209,1030
1209,725
1209,766
1210,2288
1210,470
1210,509
1210,2851
1211,1406
1211,14
1211,2170
1212,123
1212,1319
1212,1881
1212,2200
1212,2735
1214,1905
1214,1760
1214,2355
1214,1664
1214,2354
1215,359
1215,2261
1215,654
1216,1126
1216,910
1216,1832
1216,1179
1216,1045
1217,1218
1218,1217
1219,1339
1219,284
1219,68
1219,2997
1219,2750
1219,3112
1219,1883
1220,207
1220,406
1220,1142
1220,87
1220,1420
1220,2553
1221,3007
1221,3342
1221,3008
1221,660
1222,266
1222,67
1222,5
1222,87
1222,1783
1223,271
1223,349
1223,1199
1223,272
1223,273
1225,2226
1225,2154
1225,2416
1226,596
1226,963
1227,369
1227,1369
1227,394
1227,1450
1227,221
1228,1319
1228,123
1228,1881
1228,2735
1228,1212
1229,168
1229,1342
1229,31
1229,1619
1230,1290
1230,1097
1230,829
1230,172
1230,2299
1230,2247
1231,5
1231,1783
1232,1165
1234,1128
1234,94
1234,337
1234,455
1234,139
1236,1482
1236,36
1236,20
1238,2053
1238,1279
1239,746
1239,380
1239,300
1240,1196
1240,2476
1240,897
1240,1915
1240,1415
1241,113
1241,1603
1241,3363
1241,426
1241,2359
1242,266
1243,3150
1243,15
1243,1391
1244,114
1244,683
1244,1111
1244,1966
1245,1239
1245,300
1246,25
1246,1185
1246,352
1246,1277
1246,4
1246,1456
1247,2502
1248,2540
1248,872
1249,1080
1249,2842
1249,534
1251,2923
1251,1263
1252,637
1252,902
1252,582
1252,1462
1253,2687
1253,3134
1254,18
1254,2758
1254,1092
1254,1255
1254,11
1254,551
1255,1256
1255,18
1255,1092
1255,1254
1255,11
1255,551
1256,18
1256,2758
1256,1092
1256,1255
1256,11
1256,551
1257,290
1257,186
1257,3151
1258,3175
1258,3173
1258,3176
1258,3174
1258,3177
1259,20
1260,1358
1260,2612
1260,1068
1260,1871
1260,106
1261,381
1261,207
1261,828
1261,549
1262,498
1263,1251
1263,2923
1264,1128
1264,94
1264,337
1264,455
1264,253
1264,139
1265,1375
1266,114
1266,1111
1266,1966
1267,2619
1269,1306
1269,20
1269,13
1270,312
1270,1890
1270,920
1270,533
1270,2015
1270,302
1271,470
1271,2662
1271,1015
1271,509
1271,2851
1272,0
1273,2606
1273,865
1273,1764
1274,1763
1275,1276
1275,1469
1276,1275
1276,1469
1277,67
1277,87
1277,13
1277,1246
1278,2108
1278,538
1278,1176
1278,717
1279,2053
1279,1238
1280,1467
1280,589
1280,1037
1280,1993
1281,57
1281,1438
1281,2384
1281,362
1282,380
1282,3367
1282,2252
1283,1285
1283,114
1283,1111
1283,1284
1284,1285
1284,114
1284,1111
1284,1283
1285,114
1285,1111
1285,1283
1285,1284
1286,161
1286,3339
1286,2991
1287,1204
1289,266
1289,67
1289,5
1289,87
1289,1783
1290,1230
1290,1097
1290,829
1290,172
1290,2299
1290,2247
1291,36
1291,20
1292,77
1292,147
1292,29
1292,119
1293,50
1293,146
1293,6
1294,39
1294,1391
1294,1242
1294,499
1294,206
1295,3348
1295,3028
1295,2143
1295,3347
1295,1770
1296,1487
1296,846
1296,423
1297,117
1297,2410
1297,769
1297,3171
1298,77
1298,147
1298,29
1298,119
1299,596
1299,207
1302,289
1302,627
1302,1839
1303,470
1303,1015
1303,509
1303,2851
1303,317
1305,1319
1305,123
1305,1881
1305,2735
1305,1212
1306,335
1306,1269
1307,1806
1307,86
1307,39
1307,1652
1307,627
1307,983
1307,177
1307,170
1307,720
1308,2918
1308,1543
1308,1315
1308,3245
1308,2040
1309,3076
1309,1144
1309,2334
1309,1597
1310,848
1310,295
1310,3277
1310,2973
1310,2235
1311,406
1311,1142
1311,1420
1311,49
1311,2553
1312,1655
1312,1117
1312,336
1314,3139
1314,115
1314,452
1314,34
1314,70
1314,120
1315,2918
1315,2404
1315,1543
1315,1308
1315,2040
1316,3367
1316,741
1316,872
1317,2195
1317,2197
1317,2196
1317,1318
1318,2195
1318,2197
1318,2196
1318,1317
1319,123
1319,1881
1319,2735
1319,1212
1320,114
1320,1111
1320,1966
1320,1266
1321,1531
1321,322
1321,823
1321,474
1323,638
1323,1595
1323,251
1323,3167
1323,2759
1324,470
1324,1015
1324,509
1324,2851
1324,3199
1325,3192
1325,2500
1325,2255
1325,2211
1326,114
1326,1111
1326,1966
1327,336
1327,1358
1327,1655
1327,1661
1327,1830
1327,335
1327,2874
1329,2755
1331,1128
1331,94
1331,337
1331,455
1331,139
1332,1128
1332,94
1332,337
1332,455
1332,253
1332,139
1333,746
1333,1763
1333,2024
1333,1155
1334,129
1334,971
1334,1050
1334,95
1334,1118
1335,39
1335,53
1335,1784
1335,206
1336,542
1337,1134
1337,1637
1337,1242
1337,177
1338,1335
1338,39
1338,53
1339,68
1339,1219
1339,17
1340,554
1340,555
1340,156
1340,557
1340,2730
1340,559
1340,558
1341,1128
1341,94
1341,337
1341,455
1341,139
1342,168
1342,2009
1342,31
1342,1619
1342,1229
1343,1355
1343,735
1343,1970
1343,996
1343,423
1343,525
1344,1742
1344,2322
1345,3139
1345,115
1345,452
1345,34
1345,70
1345,120
1346,293
1346,2003
1346,937
1346,159
1346,1380
1347,293
1347,2003
1347,937
1347,1380
1347,1346
1349,727
1349,789
1349,1426
1349,1079
1350,1655
1350,1352
1350,1351
1350,336
1350,335
1351,1655
1351,1352
1351,336
1351,335
1351,1350
1352,1351
1352,336
1352,335
1352,1350
1353,1530
1353,3021
1353,406
1353,1142
1353,1420
1353,49
1353,2553
1354,1703
1354,2471
1355,735
1355,1343
1355,525
1356,3206
1356,3045
1357,43
1357,59
1357,48
1357,1186
1357,44
1358,303
1358,336
1358,1655
1358,1830
1358,2300
1358,335
1358,2874
1359,424
1359,626
1360,681
1360,1363
1360,1361
1360,1362
1361,681
1361,1363
1361,1360
1361,1362
1362,681
1362,1363
1362,1360
1362,1361
1363,681
1363,1360
1363,1361
1363,1362
1364,36
1364,20
1365,1645
1365,2900
1366,2780
1368,312
1368,1890
1368,920
1368,533
1368,1848
1368,302
1369,18
1369,977
1369,11
1369,1255
1371,1372
1372,1371
1374,740
1374,3409
1374,2112
1374,219
1375,1265
1376,406
1376,1142
1376,1420
1376,49
1376,2553
1377,3103
1377,711
1377,3102
1377,712
1378,872
1380,160
1380,293
1380,2003
1380,667
1380,666
1380,159
1380,663
1381,2833
1382,114
1382,1111
1382,1966
1382,2774
1383,257
1383,2562
1384,746
1384,1763
1384,2024
1384,907
1385,435
1385,936
1385,86
1386,1128
1386,94
1386,337
1386,455
1386,253
1386,139
1387,1983
1387,2259
1387,1985
1388,931
1388,1224
1388,1462
1389,885
1389,199
1390,114
1390,1111
1391,39
1391,1242
1392,977
1392,436
1392,49
1394,505
1394,470
1394,1456
1394,509
1394,2851
1395,2551
1395,285
1396,184
1396,194
1396,1156
1396,1512
1396,225
1396,187
1396,2821
1397,114
1397,1111
1397,1966
1399,114
1399,1111
1399,1966
1400,2521
1400,1500
1400,20
1401,862
1401,36
1401,20
1402,3289
1402,2938
1402,187
1403,1183
1403,1038
1403,80
1403,56
1403,371
1404,239
1404,1729
1404,685
1404,2859
1405,1173
1406,10
1406,67
1406,13
1408,1590
1408,1026
1408,1972
1408,370
1408,1024
1408,573
1408,3088
1409,960
1409,444
1410,93
1410,802
1411,3298
1411,3033
1411,2982
1411,2849
1411,3027
1413,1714
1413,1625
1413,1459
1413,1174
1413,695
1414,1274
1415,1196
1415,1240
1415,897
1415,1915
1417,114
1417,1111
1417,1966
1418,139
1418,1128
1418,94
1418,455
1420,3021
1420,406
1420,1142
1420,49
1420,2553
1421,2578
1422,1428
1422,1318
1422,1429
1422,1317
1423,1565
1423,950
1423,1020
1423,210
1424,167
1424,28
1426,1079
1426,3218
1426,1349
1426,789
1427,1739
1427,973
1428,1422
1428,1318
1428,1429
1428,1317
1429,1428
1429,1422
1429,1318
1429,1317
1430,1065
1430,241
1430,1990
1430,921
1430,1920
1431,175
1432,2210
1432,1485
1432,661
1432,1006
1433,432
1433,1436
1433,314
1433,3212
1433,176
1434,1996
1435,1128
1435,94
1435,337
1435,455
1435,139
1436,1433
1436,1414
1437,406
1437,1142
1437,1420
1437,2553
1438,57
1438,2384
1438,362
1438,1281
1440,2113
1440,743
1440,738
1440,128
1442,3313
1443,341
1443,1444
1443,329
1443,860
1443,576
1444,341
1444,329
1444,860
1444,1443
1444,576
1445,1196
1445,1240
1445,897
1445,1415
1446,887
1446,348
1447,136
1448,1449
1449,1448
1450,703
1450,630
1450,138
1450,1475
1450,389
1451,4
1451,205
1451,1783
1452,1579
1452,2498
1453,205
1453,105
1454,2708
1455,498
1455,414
1456,36
1456,1246
1456,1394
1457,36
1457,20
1459,3345
1459,1625
1459,695
1459,3372
1460,114
1460,1111
1460,1966
1462,1388
1462,637
1462,582
1462,1132
1463,1464
1463,2219
1463,2057
1464,2219
1464,2057
1464,1463
1465,1466
1465,16
1465,1903
1465,783
1465,1815
1466,1903
1466,783
1466,16
1466,1815
1466,1465
1467,589
1467,1037
1467,1993
1467,1280
1468,1598
1468,20
1468,1663
1469,1275
1469,1276
1469,236
1470,284
1470,68
1470,261
1471,158
1471,693
1471,1127
1471,575
1471,400
1472,114
1472,1111
1472,1966
1473,3
1473,1846
1473,1509
1473,468
1473,3396
1474,1184
1474,2964
1474,1839
1474,2434
1475,630
1475,138
1475,389
1477,94
1477,1879
1477,1497
1477,139
1478,2541
1478,2326
1478,1935
1478,1936
1478,2014
1479,3139
1479,115
1479,452
1479,34
1479,70
1479,120
1480,67
1480,260
1480,13
1481,555
1481,156
1481,224
1481,2730
1481,558
1482,36
1482,20
1482,1236
1484,228
1484,477
1484,3348
1484,150
1484,3347
1484,1770
1485,1432
1485,661
1485,1006
1486,114
1486,1111
1486,1966
1487,1296
1488,1111
1488,114
1489,1655
1489,1830
1489,303
1489,336
1489,334
1489,335
1489,2874
1490,1128
1490,94
1490,2423
1490,455
1490,253
1490,139
1491,1121
1492,2065
1492,1163
1492,1680
1492,2548
1493,2683
1493,2760
1493,2729
1493,384
1495,235
1495,516
1495,87
1495,3331
1495,876
1497,1879
1497,1477
1498,15
1498,1910
1498,758
1498,1956
1498,227
1499,498
1499,1679
1500,2521
1500,1400
1500,36
1500,20
1501,114
1501,1111
1501,1966
1502,3021
1502,406
1502,1142
1502,1420
1502,49
1502,2553
1503,1107
1503,50
1503,6
1503,454
1503,1577
1503,358
1504,2623
1505,716
1505,1678
1505,2815
1505,150
1505,2791
1506,828
1506,236
1507,447
1508,1082
1509,1846
1509,1473
1509,468
1510,378
1510,135
1510,369
1510,1651
1512,184
1512,2137
1512,1856
1512,225
1512,187
1513,3340
1513,61
1513,199
1514,1111
1514,2525
1514,2526
1514,504
1515,1660
1516,3341
1517,986
1517,938
1517,658
1517,206
1520,1036
1520,754
1520,1423
1521,596
1521,935
1522,1128
1522,94
1522,802
1522,139
1523,1125
1523,1859
1523,3186
1523,487
1524,3139
1524,115
1524,452
1524,34
1524,70
1524,120
1525,114
1525,1111
1525,1966
1527,470
1527,509
1527,2851
1528,3113
1529,1068
1529,2392
1529,2391
1529,731
1529,2393
1529,1592
1530,1353
1530,3001
1530,3015
1530,1732
1531,2810
1531,823
1531,1321
1531,2811
1531,139
1532,1488
1533,1624
1533,2507
1533,1951
1535,7
1536,2815
1536,992
1536,1599
1536,2791
1536,1816
1537,470
1537,2847
1537,1015
1537,509
1537,2851
1538,169
1538,466
1538,768
1539,169
1539,466
1539,768
1540,3317
1540,3366
1540,266
1540,710
1541,781
1541,1634
1541,3126
1543,2404
1543,1315
1543,1308
1543,2040
1544,819
1544,2684
1544,2233
1544,899
1545,579
1545,390
1545,3032
1546,115
1546,34
1546,70
1546,120
1547,20
1547,60
1547,1115
1548,3134
1548,3128
1549,523
1549,1940
1549,996
1549,525
1549,735
1549,925
1550,1128
1550,94
1550,337
1550,455
1550,253
1550,139
1551,67
1551,13
1552,579
1552,988
1552,2443
1553,2505
1553,3034
1553,2617
1553,2621
1554,169
1555,208
1555,578
1555,3379
1555,20
1556,345
1556,16
1556,2203
1556,375
1557,564
1557,1636
1558,312
1558,1890
1558,920
1558,533
1558,2015
1558,302
1559,656
1559,50
1559,6
1559,1577
1560,1183
1560,1038
1560,80
1560,1403
1560,56
1560,371
1561,1730
1563,3021
1563,406
1563,1142
1563,1420
1563,49
1563,2553
1564,239
1564,1650
1564,2763
1564,264
1564,499
1565,950
1565,791
1565,1020
1565,210
1565,1423
1566,1655
1566,1107
1566,336
1566,470
1566,509
1566,458
1567,114
1567,1111
1567,1966
1568,746
1568,1571
1568,1569
1568,1570
1569,746
1569,1571
1569,1570
1569,1568
1570,746
1570,1571
1570,1569
1570,1568
1571,746
1571,1569
1571,1570
1571,1568
1572,2002
1572,1712
1572,3286
1572,3287
1574,0
1574,5
1574,87
1576,271
1576,349
1576,1199
1576,272
1576,273
1577,1406
1577,1385
1577,260
1578,2146
1579,1452
1579,2498
1580,1125
1580,1859
1580,3186
1580,487
1580,1883
1580,1523
1581,1583
1581,1582
1582,1583
1582,1581
1583,312
1583,920
1583,533
1583,1581
1583,1582
1583,302
1585,86
1585,1132
1585,174
1585,2122
1586,671
1586,751
1586,344
1587,671
1587,751
1587,344
1588,671
1588,751
1588,344
1589,1406
1589,50
1589,358
1590,1761
1590,1026
1590,573
1590,1633
1591,313
1591,2966
1591,486
1592,1068
1592,135
1592,274
1592,731
1592,1146
1593,1094
1593,36
1593,3046
1593,20
1595,251
1595,2759
1595,1323
1595,3167
1596,94
1596,2475
1596,139
1597,1309
1597,3076
1597,1144
1597,2334
1598,20
1598,1663
1598,1468
1599,2295
1599,1791
1599,1792
1599,1790
1599,2570
1600,1933
1600,2104
1600,1058
1600,599
1600,320
1601,208
1601,103
1601,328
1602,208
1602,1601
1602,103
1602,328
1603,113
1603,426
1603,2377
1603,2359
1603,941
1604,1087
1604,114
1604,1111
1604,1966
1605,94
1605,2072
1605,953
1605,139
1607,1746
1607,2440
1607,2444
1608,3179
1608,512
1609,636
1609,129
1609,1775
1609,635
1609,122
1610,59
1610,48
1610,1186
1610,44
1611,2189
1611,2467
1611,2696
1612,129
1612,971
1612,1050
1612,95
1612,1118
1613,115
1613,34
1613,70
1613,120
1614,2830
1614,294
1615,3295
1615,2377
1615,2127
1615,1083
1615,2988
1615,1878
1617,1618
1617,2965
1617,2480
1618,1617
1618,2965
1618,2480
1619,168
1619,2009
1619,1342
1619,31
1619,1229
1621,252
1621,1713
1622,114
1622,1111
1622,1966
1623,36
1623,995
1623,20
1624,1533
1624,2507
1624,1951
1625,3345
1625,1459
1625,695
1625,3372
1626,2778
1626,419
1626,1721
1627,2529
1627,938
1627,2184
1627,2549
1628,25
1628,1185
1628,1577
1628,1629
1629,25
1629,1185
1629,1577
1629,1628
1630,1258
1630,1631
1631,1258
1631,1630
1632,746
1632,1763
1632,2024
1633,1761
1633,1590
1633,1026
1633,573
1634,1541
1634,781
1635,572
1635,1892
1635,1676
1635,571
1635,164
1636,1557
1637,1134
1637,1242
1637,1337
1638,341
1638,329
1638,860
1638,576
1640,3021
1640,406
1640,1142
1640,1420
1640,49
1640,2553
1641,1600
1641,2104
1641,1058
1641,198
1641,599
1641,320
1642,959
1642,1274
1643,406
1643,1142
1643,1420
1643,2553
1643,308
1644,1183
1644,1486
1645,1365
1645,2900
1646,1128
1646,94
1646,337
1646,455
1646,253
1646,139
1647,1912
1647,565
1647,336
1647,335
1648,2477
1648,1944
1648,3054
1648,1686
1648,1860
1650,406
1650,1819
1650,1142
1650,1420
1650,2553
1651,378
1651,369
1651,1510
1652,1806
1652,1648
1652,177
1652,170
1652,720
1653,1963
1653,2236
1653,639
1653,1874
1653,1870
1654,2653
1654,2846
1654,2712
1654,2915
1655,2880
1655,336
1655,2213
1655,335
1655,2212
1655,890
1656,114
1656,1111
1656,1966
1657,1600
1657,2104
1657,1058
1657,198
1657,599
1657,320
1658,129
1658,406
1658,2553
1659,114
1659,1111
1659,1966
1660,564
1660,1515
1661,303
1661,336
1661,334
1661,1655
1661,1830
1661,1327
1661,335
1661,2874
1662,3021
1662,406
1662,1142
1662,1420
1662,49
1662,2553
1663,1598
1663,20
1663,1468
1664,2053
1664,1214
1664,1238
1665,1733
1665,2048
1665,1724
1666,636
1666,635
1666,872
1668,1196
1668,1240
1668,897
1668,1415
1668,1915
1669,1319
1669,123
1669,1881
1669,2735
1669,1212
1670,470
1670,2847
1670,1015
1670,509
1670,2851
1672,2246
1672,98
1672,2595
1673,114
1673,1111
1673,1966
1674,1888
1674,755
1674,301
1676,572
1676,1892
1676,1111
1676,1635
1676,571
1677,2489
1677,2560
1677,1197
1678,716
1678,691
1678,1505
1678,150
1678,362
1678,79
1679,498
1679,414
1679,1499
1680,1163
1680,2065
1680,2548
1680,1492
1681,1687
1682,114
1682,1111
1682,1966
1683,114
1683,1111
1683,1966
1684,637
1684,902
1684,1252
1684,582
1684,1462
1685,741
1685,872
1686,406
1686,1860
1686,1648
1686,2553
1687,1703
1687,1681
1688,1689
1689,1688
1690,374
1690,851
1691,821
1691,877
1691,86
1691,39
1691,627
1691,79
1691,983
1691,174
1691,3316
1691,957
1693,655
1693,2823
1693,3157
1693,2381
1694,293
1694,2003
1694,830
1694,377
1694,1380
1695,222
1695,2896
1698,1946
1698,433
1698,439
1698,1947
1698,438
1699,304
1700,2020
1701,406
1701,1755
1701,1943
1701,357
1703,1354
1704,406
1704,2037
1704,1420
1704,2553
1705,2424
1706,1895
1706,74
1707,1274
1710,908
1710,2427
1710,796
1710,1809
1710,2029
1711,372
1711,420
1711,2390
1711,3222
1711,812
1712,2002
1712,3286
1712,1572
1712,3287
1713,1621
1713,252
1714,1924
1714,1625
1714,1459
1714,695
1714,1174
1714,1413
1715,184
1715,194
1715,1156
1715,1512
1715,187
1715,225
1716,114
1716,1111
1716,1966
1717,1406
1717,10
1717,2026
1718,1830
1718,1720
1718,1719
1718,50
1718,7
1718,336
1718,335
1718,2874
1719,1655
1719,1830
1719,1720
1719,1718
1719,336
1719,335
1719,2874
1719,334
1720,336
1720,1655
1720,1830
1720,1719
1720,1718
1720,335
1721,2778
1721,419
1721,1626
1722,579
1722,390
1722,3032
1724,1733
1724,2048
1724,1665
1726,3298
1726,1411
1726,3033
1726,2982
1726,3027
1727,1955
1727,2278
1728,993
1728,135
1728,737
1728,467
1728,334
1729,1404
1729,2859
1730,1561
1731,3201
1731,3137
1731,994
1731,3309
1731,3138
1732,1530
1732,189
1732,3001
1732,3015
1733,2048
1733,1665
1733,1724
1734,1625
1734,1459
1734,1174
1734,695
1734,1413
1735,896
1735,2415
1736,2770
1737,1828
1737,506
1737,132
1737,2648
1737,3219
1737,3359
1739,86
1739,3107
1739,39
1739,685
1739,973
1739,627
1739,1427
1739,174
1739,983
1739,3223
1740,115
1740,34
1740,70
1740,120
1741,1634
1741,1541
1741,781
1742,3210
1742,2322
1742,3204
1743,1256
1743,1153
1743,3115
1743,1255
1743,1254
1743,551
1745,345
1745,249
1745,22
1745,54
1745,1231
1745,55
1745,1770
1746,1607
1746,2440
1746,2444
1747,15
1747,758
1747,1956
1747,227
1748,1128
1748,94
1748,337
1748,455
1748,253
1748,139
1749,114
1749,1111
1749,1966
1750,1859
1750,3186
1750,487
1750,1523
1750,1580
1750,1883
1751,435
1751,505
1751,1107
1751,2062
1751,1093
1752,2053
1752,1238
1753,134
1753,323
1753,71
1753,245
1755,115
1755,34
1755,1943
1755,120
1755,1701
1756,18
1756,1574
1756,13
1758,158
1758,693
1758,1127
1758,575
1758,1471
1758,400
1760,2355
1760,1905
1760,1214
1760,2354
1761,1590
1761,1026
1761,2147
1761,573
1761,1633
1762,1125
1762,1859
1762,3186
1762,487
1762,1580
1762,1883
1762,1523
1763,746
1763,2024
1763,1274
1764,2606
1764,1273
1764,865
1765,746
1765,1767
1765,1763
1765,1766
1766,746
1766,1767
1766,1763
1766,1765
1767,746
1767,1763
1767,1765
1767,1766
1770,345
1770,249
1770,228
1770,22
1770,3348
1770,54
1770,1745
1770,3028
1770,783
1770,150
1770,55
1770,3347
1772,369
1772,1369
1772,394
1772,1450
1772,221
1773,596
1774,3139
1774,115
1774,452
1774,34
1774,70
1774,120
1775,129
1775,1609
1775,370
1776,1777
1776,62
1776,1778
1776,525
1777,1776
1777,62
1777,1778
1777,525
1778,1776
1778,1777
1778,62
1778,525
1779,2965
1779,2480
1780,1128
1780,94
1780,337
1780,455
1780,253
1780,139
1781,3021
1781,406
1781,1142
1781,1420
1781,49
1781,2553
1782,2506
1782,2308
1782,2307
1782,20
1782,2215
1783,1231
1783,5
1784,2671
1784,2670
1784,39
1784,53
1785,2413
1785,1829
1785,704
1786,2039
1786,134
1786,373
1786,713
1788,114
1788,209
1788,1111
1788,1966
1790,2295
1790,1791
1790,1792
1790,1599
1790,2570
1791,2295
1791,1792
1791,1790
1791,1599
1791,2570
1792,2295
1792,1791
1792,1790
1792,1599
1792,2570
1793,741
1793,872
1794,2433
1795,136
1796,863
1796,2516
1796,1976
1796,2852
1797,861
1797,381
1797,661
1798,136
1799,2435
1800,3291
1801,235
1801,20
1801,13
1801,2689
1802,3211
1803,656
1803,50
1803,6
1803,1577
1804,498
1804,414
1805,114
1805,1111
1805,1966
1806,1307
1806,1652
1806,177
1806,170
1806,2787
1806,720
1807,837
1807,684
1808,300
1809,2346
1809,908
1809,2427
1809,2338
1809,796
1809,2029
1810,1906
1810,1274
1811,1274
1812,114
1812,1111
1812,1966
1813,94
1813,1017
1813,741
1813,1901
1813,139
1815,1466
1815,16
1815,22
1815,1903
1815,783
1815,1465
1816,1536
1816,2815
1816,992
1816,1599
1816,2791
1817,94
1817,3209
1817,139
1818,114
1818,1111
1818,1966
1819,36
1819,1650
1819,20
1821,2674
1821,470
1821,509
1821,2851
1823,1064
1823,62
1823,1099
1824,1128
1824,94
1824,337
1824,455
1824,253
1824,139
1826,746
1826,1763
1826,2024
1828,1737
1828,2876
1829,2413
1829,1785
1829,704
1830,303
1830,336
1830,335
1830,2874
1830,334
1832,1216
1832,910
1832,1179
1832,1045
1832,1126
1833,18
1833,78
1834,208
1834,1601
1834,103
1834,1602
1834,328
1835,1198
1836,1113
1836,2055
1837,114
1837,1111
1837,1966
1838,440
1838,475
1838,1839
1839,440
1839,475
1840,440
1840,475
1840,1839
1841,440
1841,475
1841,1839
1842,61
1842,506
1842,259
1842,838
1842,787
1842,410
1844,1100
1844,843
1844,1085
1844,844
1845,145
1845,569
1846,1509
1846,1473
1846,468
1846,1574
1847,114
1847,1111
1847,1966
1848,312
1848,1890
1848,920
1848,533
1848,302
1849,735
1849,523
1849,2038
1849,996
1849,423
1849,525
1850,1851
1850,1853
1850,1852
1851,1853
1851,58
1851,1852
1851,1850
1852,1851
1852,1853
1852,1850
1853,1851
1853,1852
1853,1850
1854,1927
1854,1928
1854,496
1854,2664
1854,1929
1855,1227
1856,1512
1856,2137
1857,114
1857,1111
1857,1966
1858,2450
1858,162
1858,5
1858,126
1858,822
1859,1125
1859,3315
1859,3186
1859,2804
1859,487
1859,1883
1859,1523
1860,1686
1860,1648
1860,872
1861,1053
1861,2049
1862,369
1862,1369
1862,394
1862,1450
1862,221
1863,2826
1864,470
1864,2847
1864,1015
1864,509
1864,2851
1865,203
1865,2325
1865,2122
1866,145
1866,580
1866,569
1867,145
1867,569
1868,3032
1869,2214
1869,1030
1869,1029
1870,1963
1870,1653
1870,3248
1870,639
1870,1874
1871,1274
1871,106
1871,1358
1872,2797
1872,3202
1872,357
1873,1958
1873,10
1873,1153
1873,1255
1873,551
1874,1963
1874,1653
1874,3248
1874,639
1874,1870
1875,3179
1875,2398
1875,3077
1876,184
1876,194
1876,1156
1876,1512
1876,187
1876,225
1877,1128
1877,94
1877,455
1877,1095
1877,2743
1877,139
1878,1615
1878,3295
1878,2377
1878,2127
1878,2988
1878,1083
1879,94
1879,1497
1879,1477
1879,139
1880,406
1880,1142
1880,1420
1880,2553
1880,2696
1881,1319
1881,123
1881,972
1881,2735
1881,1212
1882,2412
1882,466
1882,3093
1883,1750
1883,1859
1883,3315
1883,3186
1883,487
1883,1523
1884,1932
1885,36
1885,20
1886,970
1886,1979
1886,59
1886,48
1886,44
1887,145
1887,580
1887,569
1888,1674
1888,755
1888,301
1889,65
1889,86
1889,234
1889,685
1889,699
1889,443
1890,312
1890,920
1890,2769
1890,533
1890,2015
1890,302
1891,2249
1891,1183
1891,80
1891,56
1891,371
1892,572
1892,1676
1892,1635
1892,571
1897,1128
1897,139
1897,94
1897,455
1898,1406
1898,223
1898,256
1898,2035
1898,2858
1899,67
1899,13
1901,266
1901,36
1901,447
1901,2485
1903,783
1903,1466
1903,16
1903,1815
1903,1465
1904,1991
1904,2076
1905,2355
1905,1214
1905,1760
1905,2354
1906,1810
1906,1274
1907,115
1907,34
1907,70
1907,120
1907,1450
1908,129
1908,971
1908,95
1908,1971
1909,2442
1910,1498
1911,114
1911,1111
1911,1966
1912,561
1912,1178
1912,3143
1912,1647
1912,335
1912,2294
1914,114
1914,1111
1914,1966
1915,1196
1915,2476
1915,1240
1915,897
1915,1415
1916,526
1916,2553
1916,1949
1916,406
1917,184
1917,194
1917,1156
1917,1512
1917,225
1917,187
1919,3298
1919,1411
1919,3033
1919,2982
1919,3027
1920,1065
1920,241
1920,1990
1920,921
1920,1430
1921,114
1921,1111
1921,1966
1922,126
1922,236
1922,858
1923,2563
1923,3096
1923,335
1924,687
1924,470
1924,509
1925,3348
1925,150
1925,3347
1925,1770
1927,1928
1927,496
1927,67
1927,1854
1927,2664
1927,13
1927,1929
1928,1927
1928,496
1928,1854
1928,1929
1928,2664
1929,1927
1929,1928
1929,496
1929,1854
1929,2664
1930,3012
1930,3013
1930,2806
1930,3014
1930,2192
1931,1136
1931,253
1931,139
1931,3228
1931,1233
1932,1884
1933,2789
1933,599
1934,2025
1934,2494
1934,3229
1935,2541
1935,2326
1935,1478
1935,1936
1935,2014
1936,2541
1936,2326
1936,1478
1936,1935
1936,2014
1937,3139
1937,115
1937,452
1937,34
1937,70
1937,120
1938,2724
1938,872
1939,168
1939,1342
1939,31
1939,1619
1939,1229
1940,878
1940,735
1940,1549
1940,523
1940,996
1940,423
1940,525
1941,177
1941,499
1941,576
1942,229
1943,115
1943,1755
1943,1701
1944,2482
1944,2483
1944,1648
1944,2799
1945,3021
1945,406
1945,1142
1945,1420
1945,49
1945,2553
1946,433
1946,439
1946,438
1947,433
1947,439
1947,438
1948,3289
1948,1402
1948,2938
1948,2568
1949,526
1949,2553
1949,1916
1949,406
1951,1533
1951,1624
1951,2507
1952,3139
1952,115
1952,452
1952,34
1952,70
1952,120
1953,1046
1953,2033
1953,2155
1953,2169
1954,3021
1954,406
1954,1142
1954,1420
1954,49
1954,2553
1955,1727
1955,1428
1955,2278
1955,1429
1955,1073
1956,758
1956,875
1956,858
1956,227
1958,10
1958,1873
1958,1153
1958,1255
1958,551
1959,114
1959,1111
1959,1966
1960,1043
1961,114
1961,1111
1961,1966
1963,1653
1963,639
1963,1874
1963,1870
1964,3380
1965,1540
1965,409
1966,114
1966,209
1966,1111
1966,1266
1967,1946
1967,439
1967,1947
1967,438
1968,369
1968,1369
1968,394
1968,1450
1968,221
1969,184
1969,194
1969,1156
1969,1512
1969,225
1969,187
1970,925
1970,525
1971,1908
1971,129
1971,971
1971,95
1972,1761
1972,1590
1972,1408
1972,1026
1972,370
1972,1024
1972,573
1972,3088
1972,1633
1973,932
1973,2093
1973,4
1973,357
1975,114
1975,1111
1975,1966
1976,863
1977,36
1977,20
1977,1978
1978,36
1978,20
1978,1977
1979,970
1979,1886
1981,114
1981,1111
1981,1966
1982,1128
1982,94
1982,337
1982,455
1982,253
1982,139
1983,1387
1983,2259
1983,1985
1984,1077
1984,675
1984,416
1984,3088
1985,1983
1985,1387
1985,2259
1986,2960
1986,2750
1986,1391
1986,2753
1987,741
1987,872
1988,656
1988,50
1988,6
1988,454
1988,1577
1988,1042
1989,2119
1990,1065
1990,921
1990,2866
1990,2985
1991,20
1991,1904
1991,2076
1993,1467
1993,589
1993,1037
1993,1280
1994,489
1994,68
1994,872
1994,177
1994,499
1995,1655
1995,1830
1995,303
1995,2983
1995,336
1995,335
1995,2874
1995,334
1995,1358
1996,1434
1996,872
1998,2045
1998,2364
1998,58
1998,990
1999,470
1999,2847
1999,1015
1999,509
1999,2851
2000,123
2000,1877
2000,2543
2000,3228
2000,1646
2002,1572
2002,1712
2002,3286
2002,3287
2003,160
2003,293
2003,667
2003,666
2003,159
2003,1380
2003,663
2004,2126
2004,496
2004,1854
2004,2664
2004,1929
2005,555
2005,2007
2005,156
2005,2730
2005,557
2005,558
2006,767
2006,555
2006,2007
2006,156
2006,557
2006,2730
2006,558
2007,2006
2007,2008
2007,555
2007,156
2007,2005
2007,2730
2008,555
2008,2730
2008,2007
2008,156
2008,557
2008,558
2009,168
2009,1342
2009,31
2009,1619
2009,1229
2010,2737
2010,1389
2010,885
2010,2722
2011,435
2011,1385
2011,1574
2012,114
2012,1111
2012,1966
2013,36
2013,20
2014,2326
2014,1478
2014,1935
2014,1936
2015,312
2015,1890
2015,920
2015,533
2015,2511
2015,302
2016,114
2016,1111
2016,1966
2017,1335
2017,2216
2017,39
2017,53
2017,1784
2018,91
2018,185
2018,2265
2018,1070
2018,2019
2019,2018
2019,91
2019,185
2019,1073
2019,2265
2019,1070
2020,1700
2021,2319
2021,2022
2021,2023
2021,2320
2021,2321
2021,1074
2022,2319
2022,2021
2022,2023
2022,2320
2022,2321
2022,1074
2023,2319
2023,2021
2023,2022
2023,2320
2023,2321
2023,1074
2024,746
2024,1763
2025,1934
2025,2494
2025,3229
2026,1406
2026,10
2026,1717
2028,36
2028,20
2029,2346
2029,908
2029,2427
2029,796
2029,1809
2030,290
2030,2228
2030,2159
2030,517
2031,837
2031,3339
2031,2991
2031,1286
2032,2876
2033,1046
2033,1953
2033,2155
2035,1406
2035,223
2035,256
2035,1898
2036,36
2036,20
2037,1704
2038,735
2038,523
2038,1849
2038,996
2038,423
2038,525
2039,1786
2039,134
2039,373
2039,713
2040,2918
2040,1543
2040,1315
2040,1308
2040,3245
2041,67
2041,2201
2041,13
2041,3227
2043,596
2043,3329
2044,587
2045,2364
2045,58
2045,990
2046,1128
2046,94
2046,337
2046,455
2046,253
2046,139
2047,498
2047,414
2048,1733
2048,1665
2048,1724
2050,2034
2051,2052
2051,25
2051,1185
2051,1577
2051,358
2052,2051
2053,1238
2053,1279
2054,274
2054,364
2054,13
2056,716
2056,1678
2056,2474
2056,1505
2056,150
2056,3308
2059,1128
2059,94
2059,337
2059,455
2059,253
2059,139
2060,3081
2061,2965
2061,2480
2062,435
2062,505
2062,1093
2062,1751
2064,1128
2064,94
2064,337
2064,455
2064,253
2064,139
2065,1163
2065,1680
2065,2548
2065,1492
2066,470
2066,2847
2066,1015
2066,509
2066,2851
2067,2871
2067,2836
2067,2947
2067,2263
2067,2478
2068,3071
2068,6
2068,3186
2068,260
2068,236
2068,415
2069,3298
2069,1411
2069,3033
2069,2982
2069,3027
2070,3218
2072,94
2072,1605
2072,953
2072,139
2073,2821
2073,2460
2074,2801
2075,3230
2075,3247
2075,3378
2075,3086
2075,2573
2076,20
2076,1991
2076,1904
2077,1319
2077,123
2077,1881
2077,2735
2077,1212
2078,114
2078,209
2078,1111
2078,1966
2079,139
2079,1128
2079,94
2079,455
2080,2085
2080,2083
2080,2081
2080,2082
2080,2084
2081,2085
2081,2083
2081,2082
2081,2084
2081,2080
2082,2085
2082,2083
2082,2081
2082,2084
2082,2080
2083,2085
2083,2081
2083,2082
2083,2084
2083,2080
2084,2085
2084,2083
2084,2081
2084,2082
2084,2080
2085,2083
2085,2081
2085,2082
2085,2084
2085,2080
2086,406
2086,1142
2086,1420
2086,2553
2087,114
2087,1111
2087,1966
2088,3340
2088,1513
2090,2518
2092,648
2092,935
2092,1011
2092,649
2093,1973
2094,43
2094,59
2094,48
2094,1186
2094,44
2095,2096
2095,2097
2096,2095
2096,2097
2097,2096
2097,2095
2098,129
2098,95
2098,2116
2099,2101
2099,2100
2100,2101
2100,2099
2101,2100
2101,2099
2102,2101
2102,2100
2102,2099
2103,3021
2103,406
2103,1142
2103,1420
2103,49
2103,2553
2104,1600
2104,1058
2104,2792
2104,599
2104,320
2106,2246
2106,98
2106,2595
2106,1672
2107,114
2107,1111
2107,1966
2108,538
2108,1176
2108,717
2108,1278
2109,88
2109,84
2109,2075
2109,1188
2109,3292
2109,2573
2110,507
2110,1213
2110,2903
2111,1128
2111,94
2111,337
2111,455
2111,253
2111,139
2112,740
2112,1374
2112,3409
2112,219
2113,168
2113,743
2113,738
2113,128
2114,301
2114,994
2115,656
2115,50
2115,6
2115,454
2115,1577
2115,358
2115,3294
2115,1559
2116,129
2116,95
2116,2098
2116,1118
2117,2242
2118,872
2119,1989
2120,600
2120,640
2122,1585
2122,86
2122,1865
2122,1132
2123,312
2123,1890
2123,920
2123,533
2123,2015
2123,302
2124,2125
2124,1053
2125,2124
2125,1053
2126,496
2126,2004
2126,1854
2126,2664
2126,1929
2127,1615
2127,3295
2127,2377
2127,1083
2127,2988
2127,1878
2128,903
2128,637
2128,902
2128,860
2128,582
2129,2132
2129,2131
2129,2130
2130,2132
2130,2129
2130,2131
2131,2132
2131,2129
2131,2130
2132,2129
2132,2131
2132,2130
2133,638
2133,2135
2133,1595
2133,251
2133,2134
2134,638
2134,2135
2134,1595
2134,2133
2134,251
2135,638
2135,1595
2135,2133
2135,251
2135,2134
2136,114
2136,1111
2136,1966
2137,1512
2137,1856
2138,2456
2139,67
2139,13
2140,266
2140,67
2140,5
2140,447
2141,2142
2141,36
2141,20
2142,2141
2142,36
2142,20
2143,228
2143,477
2143,3347
2143,199
2143,1770
2144,129
2144,971
2144,1050
2144,95
2144,1118
2145,129
2145,971
2145,1050
2145,95
2145,1118
2146,1578
2147,1590
2147,276
2147,573
2147,1633
2148,229
2148,451
2149,2876
2150,341
2150,329
2150,1096
2150,860
2150,576
2151,746
2151,1763
2151,2024
2152,656
2152,2575
2152,50
2152,6
2152,454
2152,1577
2152,1042
2153,1350
2154,1225
2154,2226
2155,1046
2155,1953
2155,2033
2157,470
2157,2847
2157,1015
2157,509
2157,2851
2158,406
2158,1014
2158,2553
2158,2700
2159,290
2159,2030
2159,2228
2159,517
2160,114
2160,1111
2160,1966
2161,652
2161,735
2161,3203
2161,11
2162,25
2162,1432
2162,23
2162,1006
2162,661
2163,691
2164,12
2165,271
2165,349
2165,272
2165,273
2165,1419
2166,1983
2166,1387
2166,2259
2166,1985
2167,746
2167,1763
2167,2024
2167,2438
2168,2053
2168,1238
2169,1953
2170,2840
2170,1211
2171,1175
2172,168
2172,1342
2172,31
2172,1619
2172,1229
2173,3359
2175,3021
2175,406
2175,1142
2175,1420
2175,49
2175,2553
2176,2238
2177,2965
2177,2480
2178,135
2181,114
2181,1111
2181,1966
2182,2345
2182,2318
2182,2356
2183,2482
2183,1111
2183,2483
2184,2529
2184,938
2184,1627
2184,2549
2185,136
2186,114
2186,1111
2186,1966
2187,114
2187,1111
2187,1966
2189,1611
2189,2467
2192,3010
2192,3012
2192,3013
2192,2806
2192,3020
2192,3014
2192,1930
2195,2197
2195,2196
2195,1318
2195,1317
2196,2195
2196,2197
2196,1318
2196,1317
2197,2195
2197,2196
2197,1318
2197,1317
2198,36
2198,20
2200,1319
2200,123
2200,1881
2200,2735
2200,1212
2201,1859
2201,3186
2201,487
2201,2041
2201,3227
2202,1258
2204,65
2204,86
2204,234
2204,685
2204,699
2204,443
2205,65
2205,86
2205,234
2205,685
2205,699
2205,443
2206,2208
2206,3348
2206,2207
2206,3347
2206,1770
2207,2206
2207,2208
2207,3348
2207,3347
2207,1770
2208,2206
2208,3348
2208,2207
2208,3347
2208,1770
2209,266
2209,260
2209,447
2210,1432
2210,114
2210,1111
2210,1966
2211,3192
2211,2500
2211,1325
2211,2255
2212,1655
2212,2880
2212,336
2212,2213
2212,335
2212,890
2212,334
2213,1655
2213,336
2213,335
2213,2212
2213,890
2214,1030
2214,1029
2214,1869
2215,2506
2215,2308
2215,1782
2215,2307
2215,20
2216,1335
2216,39
2216,53
2216,1784
2216,2017
2218,1261
2219,1464
2219,2057
2219,1463
2220,301
2220,994
2221,129
2221,971
2221,95
2221,1118
2222,114
2222,1111
2222,1966
2223,1183
2223,1038
2223,80
2223,1403
2223,56
2223,371
2224,743
2224,738
2224,128
2226,1225
2226,2154
2227,932
2228,290
2228,2030
2228,2159
2228,517
2229,1128
2229,94
2229,337
2229,455
2229,253
2229,139
2230,741
2230,872
2231,36
2231,20
2233,819
2233,1544
2233,2684
2233,899
2234,114
2234,1111
2234,1966
2235,848
2235,295
2235,1310
2235,3277
2235,2973
2236,1963
2236,1653
2236,639
2236,1874
2236,1870
2237,1256
2237,1153
2237,1255
2237,1254
2237,551
2238,2176
2239,2240
2239,470
2239,2847
2239,1015
2239,509
2239,2851
2240,2239
2240,470
2240,1015
2240,509
2240,2851
2241,3110
2241,36
2241,20
2242,2117
2243,1811
2243,755
2244,741
2244,872
2245,1859
2245,3186
2245,2804
2245,487
2245,1523
2245,1883
2246,2400
2246,98
2246,2595
2246,1672
2248,743
2248,738
2248,128
2249,1183
2249,1891
2249,80
2249,56
2249,371
2250,498
2250,3070
2251,1208
2251,1024
2251,20
2251,2601
2252,3367
2252,1282
2253,684
2254,1038
2254,80
2254,56
2254,371
2256,2257
2256,2258
2257,2258
2257,2256
2258,2257
2258,2256
2259,1983
2259,1387
2259,1985
2260,266
2260,260
2260,447
2260,470
2260,2717
2260,2851
2261,359
2261,1215
2261,961
2261,654
2262,129
2262,971
2262,1050
2262,95
2262,1118
2263,2871
2263,2836
2263,2947
2263,2067
2263,2478
2264,129
2264,971
2264,1050
2264,95
2264,1118
2266,1406
2266,861
2266,381
2266,661
2267,312
2267,1890
2267,920
2267,533
2267,2015
2267,302
2268,114
2268,2269
2268,1111
2269,2270
2269,2268
2269,2271
2270,114
2270,2269
2270,1111
2270,1966
2271,114
2271,2269
2271,1111
2271,1966
2272,1062
2272,17
2272,730
2273,1053
2273,2049
2274,741
2274,872
2275,129
2275,95
2275,1118
2276,36
2276,20
2277,2285
2277,2330
2277,94
2277,139
2278,1955
2278,1727
2279,1128
2279,94
2279,337
2279,455
2279,253
2279,139
2280,1128
2280,94
2280,455
2280,139
2281,36
2281,20
2282,2627
2282,2919
2282,470
2282,1015
2282,509
2283,628
2283,169
2284,1071
2284,20
2284,2829
2285,2330
2285,94
2285,2277
2285,139
2287,857
2288,1210
2288,470
2288,509
2288,2851
2289,1600
2290,656
2290,50
2290,6
2290,1577
2291,185
2291,2292
2291,1073
2291,1070
2292,2291
2292,185
2292,1073
2292,1070
2293,2900
2294,3143
2294,561
2294,3197
2294,1912
2294,1178
2294,335
2295,1791
2295,1792
2295,1790
2295,1599
2295,2570
2297,932
2297,489
2297,1457
2297,781
2299,1230
2299,1097
2299,829
2299,172
2300,1655
2300,496
2300,1830
2300,303
2300,336
2300,335
2300,334
2300,1358
2300,2874
2301,554
2301,555
2301,156
2301,553
2301,2730
2301,559
2301,558
2304,115
2304,34
2304,70
2304,2305
2304,120
2305,2304
2305,115
2305,34
2305,120
2306,1078
2306,1756
2306,105
2307,2506
2307,2308
2307,1782
2307,20
2307,2215
2308,2506
2308,1782
2308,2307
2308,20
2308,2215
2309,1017
2310,2401
2310,2396
2310,306
2311,0
2311,109
2311,4
2311,395
2311,199
2312,621
2312,570
2312,2335
2312,2344
2313,266
2313,1185
2313,109
2313,1242
2313,3207
2314,79
2314,208
2314,1669
2314,889
2315,1128
2315,94
2315,337
2315,455
2315,253
2315,139
2316,1010
2318,2182
2318,2345
2318,2356
2319,2021
2319,2022
2319,2023
2319,2320
2319,2321
2319,1074
2320,2319
2320,2021
2320,2022
2320,2023
2320,1074
2321,2319
2321,2021
2321,2022
2321,2023
2321,1074
2322,1742
2322,3210
2322,3204
2323,1
2323,2
2324,719
2324,757
2324,406
2324,2553
2325,203
2325,1865
2325,2122
2326,1478
2326,1935
2326,1936
2326,2014
2327,168
2327,1342
2327,31
2327,1619
2327,1229
2328,77
2328,147
2328,29
2328,119
2329,3281
2329,2332
2329,3350
2329,2707
2330,2285
2330,94
2330,2277
2330,139
2331,406
2331,1142
2331,1420
2331,2553
2332,3281
2332,3350
2332,2329
2332,2707
2334,1309
2334,3076
2334,1144
2334,1597
2335,774
2335,621
2335,570
2335,2344
2336,184
2336,90
2336,89
2336,741
2337,2807
2338,2346
2338,908
2338,2427
2338,796
2338,1809
2338,2029
2339,2150
2339,330
2339,676
2339,1080
2339,2542
2340,671
2340,751
2340,344
2341,671
2341,751
2341,344
2343,671
2343,751
2343,344
2344,774
2344,621
2344,570
2344,2335
2345,2182
2345,2726
2345,2318
2345,2356
2346,908
2346,2427
2346,2338
2346,796
2346,1809
2346,2029
2347,2603
2347,3313
2348,2349
2348,2350
2348,2353
2348,2352
2348,2351
2349,2348
2349,2350
2349,2353
2349,2352
2349,2351
2350,2348
2350,2349
2350,2353
2350,2352
2350,2351
2351,2348
2351,2349
2351,2350
2351,2353
2351,2352
2352,2348
2352,2349
2352,2350
2352,2353
2352,2351
2353,2348
2353,2349
2353,2350
2353,2352
2353,2351
2354,2355
2354,1905
2354,1214
2354,1760
2356,2182
2356,2345
2356,2318
2357,3298
2357,1411
2357,3033
2357,2982
2357,3027
2358,3298
2358,1411
2358,3033
2358,2982
2358,3027
2359,470
2359,2847
2359,1015
2359,509
2359,2851
2360,63
2360,2967
2361,981
2362,1274
2363,2617
2363,2882
2363,2621
2364,2045
2364,58
2364,990
2365,923
2365,3268
2365,340
2365,2388
2365,794
2365,793
2366,312
2366,1890
2366,920
2366,533
2366,2015
2366,302
2367,2368
2368,2367
2368,1574
2368,116
2370,1616
2370,1709
2370,20
2370,1708
2371,972
2373,2384
2376,2590
2377,1615
2377,3295
2377,2127
2377,1083
2377,2988
2377,1878
2378,652
2378,1513
2378,61
2378,199
2380,228
2380,477
2380,1770
2381,2823
2381,655
2381,3157
2381,1693
2382,114
2382,1111
2382,1966
2383,2577
2383,1014
2383,1201
2384,57
2384,2373
2384,1438
2384,362
2384,1281
2386,2630
2386,470
2386,1015
2386,509
2386,2851
2387,266
2387,1
2387,2
2387,199
2388,923
2388,3268
2388,340
2388,794
2388,2365
2388,793
2389,2642
2389,50
2389,6
2389,454
2389,1577
2390,1128
2390,94
2390,337
2390,455
2390,253
2390,139
2391,1068
2391,2392
2391,142
2391,2393
2391,731
2391,1529
2392,2391
2392,142
2392,2393
2392,731
2393,1068
2393,2392
2393,2391
2393,142
2393,731
2396,2310
2396,2401
2396,306
2398,94
2398,20
2399,849
2399,476
2399,1956
2399,363
2400,2246
2400,98
2400,2595
2400,1672
2401,2310
2401,2396
2401,306
2403,77
2403,239
2403,147
2403,29
2403,1049
2404,1543
2404,1315
2405,2823
2405,2691
2405,655
2405,2381
2405,1693
2406,1090
2406,2407
2407,1090
2407,2406
2408,1650
2408,264
2408,239
2408,2725
2409,4
2409,2203
2409,3396
2409,198
2409,3052
2410,1297
2410,769
2412,1882
2412,3093
2413,1785
2413,1829
2413,704
2414,873
2414,913
2415,1735
2415,896
2416,1128
2416,94
2416,497
2416,337
2416,253
2416,139
2417,114
2417,1111
2417,1966
2418,470
2418,2847
2418,1015
2418,509
2418,2851
2419,3139
2419,115
2419,452
2419,34
2419,70
2419,120
2420,114
2420,1111
2420,1966
2421,1319
2421,123
2421,1881
2421,2735
2421,1212
2422,656
2422,50
2422,6
2422,2441
2422,454
2422,1577
2422,1042
2423,1128
2423,94
2423,1490
2423,139
2424,1705
2425,359
2425,2261
2425,654
2426,741
2426,872
2428,266
2428,1
2428,2
2428,199
2430,123
2430,1881
2430,2735
2430,1212
2431,656
2431,50
2431,6
2431,1577
2431,3294
2431,1559
2433,1794
2434,1184
2434,2964
2434,1839
2435,1799
2437,2650
2438,746
2438,1763
2438,2024
2438,2167
2439,3021
2439,406
2439,1142
2439,1420
2439,49
2439,2553
2440,1607
2440,1746
2440,2444
2441,656
2441,50
2441,6
2441,454
2441,1577
2441,2422
2441,1042
2442,1909
2443,390
2443,1552
2443,3032
2444,1607
2444,1746
2444,2440
2445,586
2445,196
2445,739
2445,408
2447,847
2447,2738
2449,2319
2449,2021
2449,2022
2449,2023
2449,2320
2449,1074
2450,1858
2450,20
2450,126
2450,822
2450,13
2451,724
2451,239
2451,1650
2451,264
2451,2831
2453,3303
2453,765
2453,275
2453,1030
2453,725
2453,764
2454,1335
2454,39
2454,53
2454,2753
2454,2519
2455,312
2455,3004
2455,1890
2455,920
2455,533
2455,302
2458,1319
2458,123
2458,1881
2458,2735
2458,1212
2460,114
2460,1111
2460,1966
2461,3021
2461,406
2461,1142
2461,3000
2461,1420
2461,49
2461,2553
2462,2466
2462,466
2463,301
2463,2114
2463,994
2464,2613
2464,1898
2464,1294
2465,2870
2466,20
2466,466
2466,2462
2467,1611
2467,2189
2467,2696
2468,498
2468,414
2470,406
2470,110
2470,1142
2470,85
2470,1420
2470,2553
2471,15
2471,1747
2471,1354
2471,758
2471,1956
2471,227
2472,15
2472,1747
2472,758
2472,1956
2472,227
2473,1534
2473,3000
2473,178
2474,2198
2474,2365
2474,3308
2474,2056
2474,263
2475,1128
2475,94
2475,1596
2475,139
2476,1196
2476,1240
2476,897
2476,1915
2476,1415
2477,3053
2477,36
2477,20
2477,1648
2478,2871
2478,2836
2478,2947
2478,2263
2478,2067
2479,3021
2479,406
2479,1142
2479,1420
2479,49
2479,2553
2480,2965
2481,656
2481,50
2481,6
2481,454
2481,1577
2481,1042
2482,2183
2482,1944
2482,2483
2482,2799
2483,2183
2483,2482
2483,1944
2483,2799
2484,324
2485,266
2485,36
2485,447
2485,1901
2487,1655
2487,1830
2487,3079
2487,336
2487,335
2488,570
2488,2684
2488,2530
2488,1715
2488,2824
2488,200
2489,114
2489,1111
2489,1966
2489,1677
2490,2730
2490,199
2491,312
2491,1890
2491,920
2491,533
2491,2015
2491,302
2492,1033
2492,114
2492,1111
2492,1966
2493,406
2493,1142
2493,1420
2493,49
2493,2553
2494,1934
2494,2025
2494,3229
2496,741
2496,872
2498,1452
2498,1579
2500,3192
2500,1325
2500,2255
2500,2211
2501,61
2501,26
2501,259
2501,787
2501,410
2502,177
2502,499
2502,1247
2502,1941
2502,576
2503,2504
2503,406
2503,2553
2503,375
2504,406
2504,2503
2504,2553
2504,375
2505,3034
2505,2617
2505,1553
2505,2621
2506,2308
2506,1782
2506,2307
2506,20
2506,2215
2507,1533
2507,1624
2507,1951
2508,184
2508,187
2508,3288
2510,67
2510,13
2511,329
2511,2015
2511,1950
2512,470
2512,1015
2512,509
2512,2851
2512,2809
2513,312
2513,1890
2513,920
2513,533
2513,302
2514,1274
2514,227
2514,243
2516,863
2516,1976
2517,579
2517,3032
2518,2090
2519,1335
2519,2454
2519,39
2519,53
2519,2753
2520,300
2521,1400
2521,1500
2521,36
2521,20
2522,341
2522,1760
2522,790
2523,113
2523,1431
2523,175
2525,1111
2525,1514
2525,2526
2525,20
2525,504
2526,1111
2526,1514
2526,2525
2526,504
2527,3375
2527,2971
2527,2528
2527,3377
2527,2970
2528,3375
2528,2971
2528,3377
2528,2970
2528,2527
2529,2567
2529,938
2529,1627
2529,2549
2530,406
2530,1142
2530,1420
2530,2553
2531,3217
2532,1053
2532,2049
2533,2534
2534,2533
2536,184
2536,194
2536,1512
2536,225
2536,187
2537,328
2537,2734
2537,2804
2537,871
2537,2787
2537,2230
2538,368
2539,15
2539,758
2539,227
2539,1956
2540,1248
2540,872
2541,1478
2541,1935
2541,1936
2541,2014
2542,872
2543,1877
2543,2544
2543,2000
2543,3228
2544,1128
2544,94
2544,2543
2544,455
2544,139
2545,312
2545,1890
2545,920
2545,533
2545,302
2546,1128
2546,94
2546,61
2546,139
2547,203
2547,2325
2547,1865
2547,2122
2548,1163
2548,1680
2548,1492
2549,2567
2549,2529
2549,938
2549,1627
2550,637
2550,902
2550,1252
2550,582
2550,1462
2551,1395
2551,285
2552,114
2552,1111
2552,1966
2553,406
2553,1142
2553,1420
2554,129
2554,32
2554,95
2554,1118
2554,1334
2555,2567
2555,933
2556,2557
2556,59
2556,44
2557,59
2557,2556
2557,44
2558,767
2558,2559
2559,2558
2560,919
2560,1197
2560,1677
2561,2053
2561,775
2561,1238
2562,0
2562,1383
2563,1655
2563,1923
2563,336
2563,3096
2563,335
2564,670
2564,368
2564,1523
2565,203
2565,2325
2565,1865
2565,2122
2566,406
2566,1142
2566,1658
2566,2158
2566,1420
2566,49
2566,2553
2566,2070
2567,2529
2567,933
2567,2555
2567,2549
2568,3289
2568,1402
2568,2938
2568,1948
2568,371
2569,1256
2569,1153
2569,1255
2569,1254
2569,551
2570,2295
2570,1791
2570,1792
2570,1790
2570,1599
2571,3139
2571,115
2571,452
2571,34
2571,70
2571,120
2573,3247
2573,2075
2573,3378
2573,414
2573,3086
2574,3050
2574,770
2575,50
2575,6
2575,454
2575,1042
2576,1625
2576,1459
2576,1174
2576,695
2576,1413
2577,1014
2577,1201
2578,1421
2579,36
2579,20
2580,117
2580,2592
2581,3021
2581,406
2581,1142
2581,1420
2581,49
2581,2553
2582,2445
2582,739
2582,408
2582,3226
2583,1187
2583,354
2587,2968
2587,3321
2587,659
2588,1274
2590,2376
2592,2580
2593,312
2593,1890
2593,920
2593,533
2593,302
2594,25
2594,2848
2594,1185
2595,2400
2595,2106
2595,2246
2595,98
2595,1672
2596,2597
2596,2598
2596,601
2597,2596
2597,2598
2597,601
2598,2597
2598,2596
2598,601
2600,2843
2601,1208
2601,1024
2601,20
2601,2251
2602,862
2602,1387
2602,1009
2602,466
2602,243
2602,914
2603,1098
2603,3313
2603,2347
2606,898
2606,1273
2606,2203
2606,865
2606,1113
2607,406
2607,1142
2607,1420
2607,2553
2608,2835
2608,266
2608,109
2608,199
2609,114
2609,1111
2609,1966
2610,2899
2610,604
2610,2808
2610,3216
2611,3298
2611,1411
2611,3033
2611,2982
2611,3027
2612,1260
2612,1068
2612,2613
2612,1871
2612,106
2612,1358
2613,2612
2613,1898
2613,1294
2615,3021
2615,406
2615,1142
2615,1420
2615,49
2615,2553
2616,1128
2616,94
2616,337
2616,455
2616,253
2616,139
2617,1553
2617,2882
2617,1387
2617,2621
2617,2363
2618,390
2618,3032
2619,1267
2620,1072
2621,2617
2621,1553
2621,2882
2621,2363
2622,160
2622,293
2622,2003
2622,159
2622,1380
2623,1504
2624,114
2624,1111
2624,858
2625,86
2625,39
2625,983
2626,998
2627,2919
2627,2282
2627,470
2627,1015
2627,509
2628,2657
2628,2631
2628,2688
2629,341
2629,329
2629,1096
2629,860
2629,576
2630,1761
2630,1590
2630,1026
2630,2386
2630,573
2630,1633
2631,2657
2631,2628
2631,2688
2632,335
2633,114
2633,1111
2633,1966
2634,1600
2634,2104
2634,1058
2634,198
2634,599
2634,320
2635,2721
2637,1128
2637,94
2637,337
2637,455
2637,253
2637,139
2638,741
2638,872
2639,2150
2639,1032
2640,406
2640,2241
2640,2553
2641,312
2641,347
2641,2693
2641,2644
2642,50
2642,6
2642,454
2642,1577
2642,2389
2642,316
2643,508
2643,130
2644,312
2644,347
2644,2693
2644,2641
2645,293
2645,2003
2645,159
2645,1380
2646,470
2646,2847
2646,1015
2646,509
2646,2851
2647,203
2647,2325
2647,1865
2647,2122
2648,114
2648,1111
2648,1966
2649,936
2649,1385
2649,1
2649,8
2649,2
2650,2437
2651,1128
2651,94
2651,1053
2651,139
2652,1069
2653,2846
2653,2712
2653,2915
2655,2881
2656,65
2656,714
2656,3306
2656,199
2657,2628
2657,2631
2657,2688
2658,1335
2658,39
2658,53
2658,1784
2658,206
2659,1335
2659,39
2659,53
2659,1784
2659,206
2661,2126
2661,496
2661,2004
2661,2664
2662,470
2662,1271
2662,1015
2662,509
2662,2851
2663,59
2663,1186
2663,44
2664,1927
2664,1928
2664,496
2664,1854
2664,2665
2664,1929
2665,1927
2665,1928
2665,496
2665,1854
2665,2664
2666,259
2668,406
2668,1142
2668,2553
2668,1420
2669,94
2669,2226
2669,139
2669,2685
2670,2671
2670,1784
2671,2670
2671,1784
2673,114
2673,1111
2674,470
2674,1821
2674,509
2674,2851
2675,2676
2675,2677
2675,36
2675,20
2676,2677
2676,36
2676,20
2676,2675
2677,2676
2677,36
2677,20
2677,2675
2678,294
2679,36
2679,20
2680,264
2680,983
2682,435
2682,505
2682,2062
2682,1751
2682,1093
2683,1493
2683,2760
2683,2729
2683,384
2684,819
2684,1544
2684,2878
2684,899
2685,94
2685,2669
2685,2226
2685,139
2686,2991
2687,1253
2687,3134
2688,2657
2688,2628
2688,2631
2688,632
2690,1078
2690,105
2691,2692
2691,2865
2691,530
2691,655
2691,1693
2692,2823
2692,2691
2692,530
2692,655
2692,1693
2693,312
2693,347
2693,2641
2693,2644
2694,1600
2694,2104
2694,1058
2694,198
2694,599
2694,320
2696,1611
2696,1880
2696,2189
2697,235
2697,20
2697,13
2697,2689
2698,924
2699,872
2700,1014
2700,1111
2700,2158
2701,3246
2701,2854
2701,2203
2701,505
2701,2739
2702,228
2702,477
2702,3348
2702,150
2702,3347
2702,1770
2704,129
2704,971
2704,1050
2704,95
2704,1118
2706,1806
2706,1652
2706,177
2706,170
2706,720
2707,3281
2707,2332
2707,3350
2707,2329
2708,1454
2709,129
2709,971
2709,1050
2709,95
2709,1118
2710,2997
2710,1335
2710,39
2710,53
2710,1784
2710,206
2711,2818
2712,2653
2712,2846
2712,2915
2713,360
2713,3235
2713,347
2714,602
2716,520
2716,6
2716,635
2717,266
2717,260
2717,447
2717,2260
2718,114
2718,1111
2718,1966
2719,123
2719,1881
2719,2735
2719,1212
2719,3374
2721,2635
2721,1071
2722,2737
2722,1389
2722,2010
2722,885
2724,1938
2724,872
2725,656
2725,815
2726,1274
2728,2830
2728,120
2728,661
2729,1493
2729,2683
2729,2760
2729,384
2730,555
2730,1340
2730,554
2730,156
2730,557
2730,553
2730,559
2730,558
2732,312
2732,1890
2732,920
2732,533
2732,302
2733,67
2733,5
2734,341
2734,329
2734,1096
2734,860
2734,576
2735,1319
2735,123
2735,972
2735,1881
2735,1212
2736,1128
2736,94
2736,337
2736,139
2737,1389
2737,2010
2737,885
2737,2722
2738,847
2738,2447
2739,3246
2739,2854
2739,505
2739,2701
2739,2851
2740,923
2740,340
2740,2388
2740,794
2740,2365
2740,793
2741,923
2741,340
2741,2388
2741,794
2741,2365
2741,793
2742,2927
2742,3370
2742,2733
2742,1574
2743,1128
2743,94
2743,1877
2743,426
2743,983
2743,1095
2743,139
2744,3130
2744,3131
2745,203
2745,2325
2745,1865
2745,2122
2746,1600
2746,2104
2746,1058
2746,198
2746,599
2746,320
2747,997
2747,0
2747,434
2747,4
2747,395
2749,114
2749,1111
2749,1966
2749,1266
2750,1391
2750,781
2750,1986
2751,36
2751,20
2752,341
2752,329
2752,576
2753,2750
2753,2454
2753,1391
2753,1986
2753,2519
2754,1184
2754,1839
2754,2434
2755,1329
2756,228
2756,477
2756,3348
2756,150
2756,3347
2756,1770
2757,59
2757,1186
2757,44
2760,1493
2760,2683
2760,2729
2760,384
2761,2440
2762,1319
2762,123
2762,1881
2762,2735
2762,1212
2763,39
2763,1391
2763,1242
2763,499
2763,206
2764,301
2764,994
2765,301
2765,994
2766,301
2766,994
2767,3141
2767,103
2767,685
2767,1332
2767,1437
2768,991
2769,312
2769,1890
2770,2952
2770,1736
2770,2950
2770,2951
2771,2575
2771,50
2771,6
2771,1559
2772,168
2772,1342
2772,31
2772,1619
2772,1229
2773,168
2773,1342
2773,31
2773,1619
2773,1229
2774,1382
2776,82
2776,310
2776,327
2777,1163
2777,1492
2777,199
2777,3187
2778,419
2778,1721
2778,1626
2779,80
2780,1366
2781,1963
2781,1653
2781,639
2781,1874
2781,1870
2782,741
2782,872
2783,3124
2783,2920
2784,839
2786,114
2786,1111
2786,1966
2787,1806
2787,1652
2787,177
2787,170
2787,720
2788,432
2788,314
2788,162
2788,176
2788,838
2789,969
2789,1933
2790,470
2790,2847
2790,1015
2790,509
2790,2851
2791,1536
2791,2815
2791,992
2791,1599
2791,1816
2792,1600
2792,2104
2792,1058
2792,599
2792,320
2794,2936
2794,2935
2794,2934
2795,2796
2796,2795
2797,3202
2797,357
2798,114
2798,1111
2798,1966
2799,18
2799,78
2799,1071
2799,758
2799,357
2799,2829
2800,3021
2800,406
2800,1142
2800,1420
2800,49
2800,2553
2801,2074
2803,3288
2803,114
2803,1111
2804,1125
2804,1859
2804,1762
2804,3186
2804,236
2804,487
2804,1523
2804,1883
2805,160
2805,293
2805,2003
2805,159
2805,1380
2806,3010
2806,3012
2806,3013
2806,3020
2806,3014
2806,2192
2806,1930
2807,2337
2808,470
2808,1015
2808,509
2808,2851
2809,2512
2809,470
2809,1015
2809,509
2809,2851
2810,1531
2810,823
2810,1321
2810,2811
2810,139
2811,2810
2811,1531
2811,823
2811,1321
2811,139
2812,1648
2813,658
2814,3021
2814,406
2814,1142
2814,1420
2814,49
2814,2553
2815,1536
2815,992
2815,1599
2815,2791
2815,1816
2816,2368
2816,1574
2816,116
2817,1698
2817,673
2817,811
2818,2711
2819,1128
2819,94
2819,466
2819,139
2821,184
2821,194
2821,225
2821,2073
2821,187
2822,129
2822,971
2822,1050
2822,95
2822,1118
2823,2692
2823,2691
2823,2405
2823,655
2823,2381
2823,1693
2824,184
2824,194
2824,2488
2824,187
2824,225
2825,114
2825,1111
2825,1966
2826,1387
2826,466
2826,1863
2826,243
2827,741
2827,872
2828,114
2828,1111
2828,1966
2829,1071
2829,20
2829,2284
2830,207
2830,294
2830,1261
2831,2325
2831,1865
2831,2451
2831,724
2833,1381
2834,470
2834,1015
2834,509
2834,2851
2835,266
2835,109
2835,199
2835,2608
2836,2871
2836,2947
2836,2263
2836,2067
2836,2478
2837,2885
2837,1702
2838,2839
2838,2604
2839,2838
2839,2604
2840,2170
2840,2966
2840,1211
2841,2878
2841,196
2842,3221
2842,869
2842,1513
2842,1207
2844,2976
2844,808
2846,2653
2846,2712
2847,266
2847,710
2847,260
2848,2594
2849,3298
2849,1411
2849,3033
2849,2982
2849,3027
2850,637
2850,902
2850,1252
2850,582
2850,1462
2851,470
2851,2847
2851,1015
2851,1451
2851,509
2851,122
2852,863
2852,2516
2852,1976
2854,3246
2854,505
2854,2739
2854,2701
2854,2851
2855,14
2855,406
2855,1200
2855,1029
2855,3342
2856,77
2856,239
2856,147
2856,29
2858,266
2858,1
2858,2
2858,199
2859,1404
2859,1729
2861,656
2861,50
2861,6
2861,454
2861,1577
2861,358
2862,2863
2864,168
2864,1342
2864,31
2864,1229
2864,1619
2865,2823
2865,2691
2865,530
2865,655
2865,2381
2865,1693
2866,1065
2866,1990
2866,630
2866,138
2866,1475
2867,2868
2869,1335
2869,39
2869,53
2869,1784
2869,206
2870,2465
2871,2836
2871,2947
2871,2263
2871,2067
2871,2478
2872,1611
2872,2189
2872,2467
2873,43
2873,59
2873,48
2873,1186
2873,44
2874,1830
2874,303
2874,336
2874,335
2874,334
2875,708
2876,2149
2876,1828
2876,2032
2877,741
2877,872
2878,196
2878,2841
2880,1655
2880,2213
2880,2212
2880,890
2881,2655
2882,2617
2882,2621
2882,2363
2883,814
2883,2963
2884,3011
2884,141
2885,1702
2887,746
2887,1763
2887,2024
2888,2577
2888,2889
2888,1014
2888,1201
2889,2577
2889,2888
2889,1014
2889,1201
2891,369
2891,1369
2891,394
2891,1450
2891,221
2892,2466
2892,2608
2893,313
2893,2966
2893,486
2894,1128
2894,94
2894,497
2894,3006
2894,2229
2894,139
2895,1319
2895,123
2895,1881
2895,2735
2895,1212
2896,222
2896,1695
2896,443
2897,406
2897,1142
2897,1420
2897,2553
2899,1274
2900,1645
2900,1365
2900,2293
2901,36
2901,20
2902,18
2902,78
2902,1574
2902,13
2903,507
2903,3275
2903,1213
2903,2110
2906,2905
2906,1111
2906,2907
2907,2905
2907,1111
2907,2906
2908,18
2908,78
2908,875
2908,1574
2908,13
2909,2053
2909,1238
2910,85
2910,176
2910,208
2910,410
2915,2653
2917,741
2917,872
2918,3273
2918,3272
2918,1315
2918,1308
2918,2040
2919,2627
2919,2282
2919,470
2919,1015
2919,509
2920,3124
2920,2783
2921,114
2921,1111
2921,1966
2921,1266
2923,1251
2923,1263
2926,266
2926,260
2926,447
2926,470
2926,2851
2927,1242
2927,2742
2929,2932
2929,1928
2929,496
2929,2931
2929,2930
2929,2664
2930,1927
2930,2932
2930,2929
2930,1928
2930,1854
2930,2931
2930,496
2930,2664
2931,1927
2931,2932
2931,2929
2931,1928
2931,1854
2931,2930
2931,496
2931,2664
2932,2929
2932,1928
2932,496
2932,2931
2932,2930
2932,2664
2933,1927
2933,1928
2933,496
2933,1854
2933,2664
2934,2936
2934,2794
2934,2935
2935,2936
2935,2794
2935,2934
2936,2794
2936,2935
2936,2934
2938,1402
2939,67
2939,13
2940,2941
2941,2940
2943,476
2943,967
2943,853
2944,929
2945,2946
2946,2945
2947,2871
2947,2836
2947,2263
2947,2067
2947,2478
2948,1256
2948,1153
2948,1255
2948,1254
2948,551
2949,741
2949,872
2950,2770
2950,2952
2950,2951
2951,2770
2951,2952
2951,2950
2952,2770
2952,2950
2952,2951
2954,114
2954,1111
2954,1966
2955,184
2955,194
2955,1156
2955,1512
2955,225
2955,187
2956,1036
2957,1184
2957,1839
2957,2434
2958,2965
2958,2480
2959,3387
2960,2750
2960,1391
2960,1986
2960,2753
2962,229
2962,451
2963,308
2963,814
2963,686
2963,2883
2964,1839
2964,1184
2964,2434
2965,2480
2966,313
2967,2360
2967,63
2968,3321
2968,659
2968,2587
2969,114
2969,1111
2969,1966
2970,3375
2970,2971
2970,2528
2970,3377
2970,2527
2971,3375
2971,2528
2971,3377
2971,2970
2971,2527
2972,266
2972,710
2972,260
2972,447
2972,2847
2972,415
2973,295
2973,1310
2973,3277
2973,848
2973,2235
2974,2838
2974,2839
2974,2604
2976,808
2976,2844
2978,741
2978,872
2981,3240
2982,3298
2982,1411
2982,3033
2982,2849
2982,3027
2983,303
2983,336
2983,1358
2983,1655
2983,2984
2983,1830
2983,335
2983,2874
2984,303
2984,336
2984,334
2984,1655
2984,1830
2984,2983
2984,335
2984,2874
2985,1065
2985,1990
2985,921
2987,341
2987,329
2987,1096
2987,860
2987,576
2988,1615
2988,2377
2988,2127
2988,1083
2988,1878
2989,36
2989,20
2990,791
2990,786
2990,787
2990,705
2991,259
2991,61
2991,3339
2991,1286
2991,2686
2991,410
2992,1177
2992,3332
2994,694
2996,498
2997,1335
2997,39
2997,53
2997,1784
2997,206
2998,498
2998,414
2999,2045
2999,2364
2999,58
2999,990
3000,1534
3000,2461
3000,2473
3000,178
3001,1530
3001,3017
3001,3015
3001,1732
3003,3095
3003,3153
3003,2675
3003,3118
3004,184
3004,2455
3004,187
3004,225
3005,1319
3005,123
3005,1881
3005,972
3005,2735
3005,1212
3006,2894
3006,1128
3006,94
3006,497
3006,2229
3006,139
3007,3342
3007,1221
3007,3008
3007,660
3008,3007
3008,3342
3008,1221
3008,660
3010,3012
3010,3013
3010,3020
3010,3014
3010,3009
3011,2884
3011,141
3012,3010
3012,3013
3012,3020
3012,3014
3012,3009
3013,3010
3013,3012
3013,3020
3013,3014
3013,3009
3014,3010
3014,3012
3014,3013
3014,3020
3014,3009
3015,1406
3015,1017
3015,326
3015,3017
3015,1732
3016,129
3016,1050
3016,95
3016,1118
3017,1274
3017,3001
3017,3015
3018,2053
3018,1238
3019,470
3019,2847
3019,1015
3019,509
3019,2851
3020,3010
3020,3012
3020,3013
3020,3014
3020,3009
3021,406
3021,1142
3021,1420
3021,49
3021,2553
3023,3148
3023,3147
3024,3358
3024,2147
3024,941
3025,406
3025,1142
3025,1420
3025,49
3025,2553
3026,401
3026,1546
3026,73
3027,1411
3027,2982
3028,228
3028,3348
3028,2143
3028,150
3028,3347
3028,1770
3029,636
3029,1609
3029,635
3029,122
3029,3386
3030,1963
3030,2236
3030,1653
3030,639
3030,1874
3030,1870
3031,113
3031,175
3031,1431
3032,390
3032,579
3032,988
3032,2618
3033,3298
3033,1411
3033,2982
3033,2849
3033,3027
3034,108
3034,2617
3034,1553
3034,37
3034,2621
3035,293
3035,2003
3035,3036
3035,159
3035,1380
3036,293
3036,2003
3036,159
3036,1380
3036,3035
3037,65
3037,86
3037,234
3037,685
3037,699
3037,443
3038,3040
3038,3039
3039,3040
3039,3038
3040,3039
3040,3038
3041,312
3041,1890
3041,920
3041,533
3041,1848
3041,302
3042,498
3042,414
3043,1128
3043,94
3043,337
3043,455
3043,253
3043,139
3044,470
3044,2847
3044,1015
3044,509
3044,2851
3045,3206
3045,1356
3046,1094
3046,36
3046,20
3046,1593
3048,800
3048,3165
3048,1154
3048,801
3049,341
3049,329
3049,3156
3049,860
3049,576
3050,2445
3050,2574
3050,279
3050,408
3051,3021
3051,406
3051,1142
3051,1420
3051,49
3051,2553
3052,4
3052,2203
3052,3396
3052,198
3053,2477
3053,1111
3053,1648
3054,1648
3055,3056
3056,3055
3057,3061
3057,671
3057,751
3057,344
3058,3061
3058,671
3058,751
3058,344
3059,3061
3059,671
3059,751
3059,344
3060,3061
3060,671
3060,751
3060,344
3061,3059
3061,3065
3061,3062
3061,3060
3061,3064
3061,3063
3061,3057
3061,3058
3062,3061
3062,671
3062,751
3062,344
3063,3061
3063,671
3063,751
3063,344
3064,3061
3064,671
3064,751
3064,344
3065,3061
3065,671
3065,751
3065,344
3067,1128
3067,94
3067,337
3067,455
3067,139
3068,230
3069,114
3069,1111
3069,3160
3069,186
3070,498
3070,414
3070,2250
3071,3338
3071,3276
3071,6
3071,3186
3071,260
3071,236
3072,3252
3072,3101
3073,470
3073,2847
3073,1015
3073,509
3073,2851
3074,3021
3074,406
3074,1142
3074,1420
3074,49
3074,2553
3075,656
3075,50
3075,6
3075,454
3075,1577
3075,316
3075,1042
3076,1309
3076,1144
3076,2334
3076,1597
3077,3179
3077,2398
3077,1875
3079,1655
3079,1830
3079,336
3079,335
3079,2487
3080,2075
3080,1188
3080,2109
3080,3292
3080,2573
3081,2060
3082,3083
3083,420
3083,3082
3084,1128
3084,94
3084,455
3084,139
3086,3247
3086,2075
3086,3378
3086,414
3086,2573
3087,1274
3088,1026
3088,1972
3088,370
3088,675
3088,1024
3088,573
3091,352
3092,115
3092,34
3092,70
3092,120
3093,184
3093,2412
3093,1882
3093,741
3093,316
3095,3003
3095,3153
3095,2675
3095,3118
3096,1923
3096,2563
3096,335
3097,114
3097,1111
3097,1966
3098,367
3098,374
3100,3151
3101,3252
3101,3072
3101,3143
3101,2294
3102,3103
3102,711
3102,1377
3102,712
3103,711
3103,3102
3103,1377
3103,712
3104,356
3105,2053
3105,1238
3106,1183
3106,1038
3106,80
3106,56
3106,371
3107,1585
3107,174
3107,3307
3107,724
3107,685
3108,2653
3108,2712
3109,114
3109,1111
3109,1966
3110,36
3110,20
3111,260
3111,447
3112,36
3112,20
3113,1528
3114,1128
3114,94
3114,337
3114,455
3114,253
3114,139
3115,1743
3115,1256
3115,1153
3115,1255
3115,1254
3115,551
3116,1600
3116,2104
3116,198
3116,1058
3116,599
3116,320
3117,2965
3117,2480
3118,3095
3118,3003
3118,3153
3120,3340
3120,1513
3120,2088
3122,114
3122,1111
3124,2920
3124,2783
3126,1541
3126,810
3127,1038
3127,80
3127,484
3127,56
3127,371
3128,1548
3128,3134
3130,61
3130,259
3130,2744
3130,3131
3130,410
3131,259
3131,2744
3131,3130
3131,61
3132,1600
3132,2104
3132,1058
3132,198
3132,599
3132,320
3133,1274
3133,243
3134,1253
3134,2687
3134,3128
3136,749
3137,3201
3137,1731
3137,3309
3137,3138
3138,3201
3138,3137
3138,1731
3138,3309
3139,115
3139,34
3139,70
3139,120
3140,1319
3140,123
3140,1881
3140,2735
3140,1212
3141,312
3141,1890
3141,920
3141,533
3141,729
3141,302
3143,561
3143,3197
3143,1178
3143,2294
3144,1274
3145,184
3145,194
3145,1512
3145,225
3145,187
3147,1171
3147,1955
3147,3148
3147,1073
3147,3023
3148,3023
3148,3147
3149,114
3149,1111
3149,1966
3150,1243
3150,1922
3151,872
3152,10
3152,91
3153,3095
3153,3003
3153,3118
3155,1600
3155,2104
3155,1058
3155,198
3155,599
3155,320
3156,341
3156,329
3156,3049
3156,860
3156,576
3157,2381
3157,1693
3159,312
3159,1890
3159,920
3159,533
3159,302
3160,114
3160,1111
3160,186
3160,3069
3161,312
3161,1025
3161,920
3161,3159
3161,302
3162,1750
3162,1859
3162,68
3162,3315
3162,3186
3162,487
3162,1523
3162,1883
3163,1534
3164,2823
3164,530
3164,655
3164,2381
3164,1693
3165,3048
3165,800
3165,1154
3165,801
3166,36
3166,20
3168,2965
3168,2480
3170,1128
3170,94
3170,337
3170,455
3170,253
3170,139
3171,2445
3171,1297
3171,279
3171,3050
3171,408
3172,3194
3172,3195
3173,1258
3173,3175
3173,3177
3174,1258
3174,3175
3174,3173
3175,1258
3175,3173
3175,3177
3176,1258
3176,3175
3176,3173
3177,1258
3177,3175
3177,3173
3178,2160
3178,114
3178,1111
3178,1966
3179,2398
3179,3077
3179,1875
3180,1128
3180,94
3180,497
3180,815
3180,337
3180,455
3180,253
3180,632
3180,139
3182,36
3182,20
3182,829
3182,3278
3183,470
3183,1015
3183,509
3183,2851
3184,1256
3184,1153
3184,1255
3184,1254
3184,551
3185,168
3185,1495
3185,3400
3185,410
3186,3338
3186,3276
3186,3071
3186,6
3186,236
3187,2777
3187,1163
3187,199
3188,887
3188,821
3188,3212
3188,348
3189,1601
3189,1834
3189,103
3189,1602
3189,328
3192,2500
3192,1325
3192,2255
3192,2211
3194,3172
3194,3195
3195,3194
3195,3172
3197,3143
3197,561
3197,1830
3197,1912
3197,1178
3197,336
3197,335
3197,2294
3198,1319
3198,123
3198,1881
3198,2735
3198,1212
3199,1324
3199,470
3199,1015
3199,509
3199,2851
3201,3137
3201,1731
3201,3309
3201,3138
3202,1872
3202,2797
3202,357
3203,2161
3203,11
3204,1742
3204,3210
3204,2322
3206,3045
3206,1356
3207,67
3207,5
3209,94
3209,1817
3209,139
3210,1742
3210,2322
3210,3204
3211,1802
3212,887
3212,821
3212,3188
3212,314
3212,348
3212,176
3213,36
3213,20
3214,36
3214,20
3215,36
3215,20
3216,2610
3216,2899
3216,604
3216,2808
3217,2531
3218,1079
3218,1349
3218,789
3218,1426
3219,741
3219,872
3220,3139
3220,115
3220,452
3220,34
3220,70
3220,120
3220,389
3221,331
3221,380
3221,2842
3221,929
3222,470
3222,509
3222,2851
3222,1711
3223,726
3223,1739
3223,578
3223,3107
3223,685
3224,3225
3224,470
3224,1015
3224,509
3225,3224
3225,470
3225,1015
3225,509
3226,2445
3226,739
3226,408
3226,2582
3227,1859
3227,3186
3227,2201
3227,487
3227,2041
3228,2543
3228,2000
3228,139
3229,1934
3229,2025
3229,2494
3230,2075
3230,3378
3230,414
3230,3086
3230,2573
3231,59
3231,1186
3231,44
3232,587
3232,262
3233,50
3233,6
3233,1559
3235,360
3235,86
3235,347
3235,39
3235,2713
3236,293
3236,2003
3236,159
3236,1380
3238,470
3238,1574
3238,1015
3238,509
3238,2851
3239,3269
3239,134
3239,327
3239,71
3239,82
3240,2981
3241,1274
3242,113
3242,1431
3242,175
3243,479
3245,1543
3245,1315
3245,1308
3245,2040
3246,505
3246,2854
3246,2739
3246,2701
3247,2075
3247,414
3247,3086
3247,2573
3248,1963
3248,1653
3248,639
3248,1874
3248,1870
3249,1600
3249,2104
3249,1058
3249,198
3249,599
3249,320
3250,947
3250,1187
3250,26
3250,31
3250,112
3254,964
3255,312
3255,1890
3255,920
3255,533
3255,1848
3255,302
3256,1655
3256,1830
3256,336
3256,335
3256,2874
3256,334
3258,549
3258,2843
3259,947
3259,1187
3259,26
3259,31
3260,114
3260,1111
3263,470
3263,2847
3263,1015
3263,509
3263,2851
3268,923
3268,340
3268,2388
3268,794
3268,2365
3268,793
3269,3239
3269,134
3269,327
3269,71
3269,82
3270,514
3270,1843
3270,253
3270,139
3272,2918
3272,3273
3272,1315
3272,1308
3272,2040
3273,2918
3273,3272
3273,1315
3273,1308
3273,2040
3275,67
3275,1213
3275,68
3275,2903
3275,13
3276,3071
3276,6
3276,3186
3276,236
3277,1310
3277,2973
3277,2235
3277,3282
3278,36
3278,3182
3278,20
3278,829
3279,2823
3279,655
3279,3280
3279,1693
3279,2381
3280,2823
3280,3279
3280,655
3280,1693
3281,2332
3281,3350
3281,2329
3281,2707
3282,1310
3282,3277
3282,2973
3282,2235
3285,1514
3285,36
3285,20
3286,2002
3286,1572
3286,1712
3286,3287
3287,2002
3287,1572
3287,1712
3287,3286
3288,136
3288,494
3289,1402
3289,2938
3289,1948
3290,3364
3291,1800
3292,2075
3292,3080
3292,1188
3292,2109
3292,2573
3293,595
3293,585
3294,50
3294,6
3294,1577
3294,1559
3295,1615
3295,2377
3295,2127
3295,1083
3295,1878
3296,158
3296,693
3296,1127
3296,575
3296,400
3298,1411
3298,3033
3298,2982
3298,2849
3298,3027
3299,746
3299,1763
3299,2024
3300,1128
3300,94
3300,337
3300,455
3300,253
3300,139
3301,741
3301,872
3302,530
3302,655
3302,3164
3303,2453
3303,275
3303,1030
3303,1029
3304,43
3304,59
3304,48
3304,1186
3304,44
3306,2656
3307,1585
3307,3107
3307,174
3307,724
3308,2474
3308,2056
3309,3201
3309,3137
3309,1731
3309,3138
3310,498
3310,414
3311,561
3311,1191
3311,2468
3311,2733
3311,1574
3311,581
3312,67
3312,13
3312,3288
3313,1442
3313,2603
3313,2347
3315,1750
3315,1859
3315,3186
3315,2804
3315,487
3315,1523
3315,1883
3316,821
3316,1691
3316,877
3316,79
3316,957
3317,3366
3317,266
3317,1540
3317,710
3317,2847
3318,235
3318,20
3318,13
3318,2689
3320,3392
3320,470
3320,2847
3320,1015
3320,509
3320,2851
3321,2968
3321,659
3321,2587
3325,65
3325,722
3325,317
3325,908
3325,278
3326,1786
3326,2039
3326,373
3327,596
3327,207
3328,129
3328,971
3328,1050
3328,95
3328,1118
3329,596
3329,2043
3330,1128
3330,94
3330,337
3330,455
3330,253
3330,139
3331,235
3331,18
3331,516
3331,87
3331,876
3332,1177
3332,704
3333,656
3333,50
3333,6
3333,454
3333,1577
3333,358
3335,114
3335,1111
3335,1966
3336,1555
3336,1111
3336,2364
3337,1030
3337,1029
3337,1869
3338,3276
3338,3071
3338,6
3338,3186
3338,236
3339,436
3339,2991
3339,49
3339,1286
3340,1513
3340,2088
3341,1516
3342,2855
3342,3007
3342,1221
3342,3008
3342,660
3343,596
3343,207
3344,341
3344,329
3344,593
3344,895
3345,1625
3345,1459
3345,1174
3345,695
3345,3372
3346,114
3346,1111
3346,1966
3347,228
3347,477
3347,3348
3347,150
3347,1770
3348,228
3348,477
3348,150
3348,3347
3348,1770
3350,3281
3350,2332
3350,2329
3350,2707
3351,86
3351,39
3351,983
3355,1128
3355,94
3355,337
3355,139
3356,693
3356,255
3356,308
3357,2397
3357,3398
3359,1737
3359,132
3359,2648
3359,2173
3359,506
3361,1128
3361,94
3361,337
3361,455
3361,139
3362,113
3362,1603
3362,426
3362,2359
3362,941
3363,113
3363,1603
3363,426
3364,3290
3365,432
3365,2788
3365,314
3365,176
3365,838
3366,3317
3366,266
3366,1540
3366,710
3366,2847
3367,1316
3367,1282
3368,670
3368,67
3368,1178
3368,820
3368,13
3372,3345
3372,1625
3372,1459
3372,1174
3372,695
3374,123
3374,1881
3374,2719
3374,972
3374,2735
3374,1212
3375,2971
3375,2528
3375,2970
3375,2527
3376,2971
3376,2528
3376,2970
3376,2527
3377,2971
3377,2528
3377,2970
3377,2527
3378,2075
3378,3086
3378,2573
3379,716
3379,208
3379,578
3379,1555
3379,150
3380,1964
3382,115
3382,34
3382,70
3382,120
3383,86
3383,103
3383,39
3383,627
3383,983
3386,636
3386,1609
3386,635
3386,122
3386,3029
3387,2959
3389,114
3389,1111
3389,1966
3390,406
3390,1142
3390,2553
3390,1420
3391,114
3391,1111
3391,1966
3392,470
3392,2847
3392,3320
3392,1015
3392,509
3392,2851
3393,3021
3393,406
3393,1142
3393,1420
3393,49
3393,2553
3395,1222
3395,87
3396,3
3396,4
3396,69
3396,1024
3398,3169
3398,3357
3398,2397
3399,2000
3400,168
3400,1495
3400,3185
3400,410
3402,228
3406,2965
3407,94
3407,2277
3407,497
3407,337
3407,253
3409,740
3409,1374
3409,219
3410,3120
3410,2225
3413,1
3413,20
3415,16
3415,1556
