Name,NetWorth_Billions,X,Y,Z,ForceBasedOnAge
Andrea Pignataro,42.048102,0.06869856,0.42364705,0.3961554,0.3888889
Trae Stephens,1,-0.5448895,0.5002421,-0.3460562,0.53333336
Robin Zeng,61.281131,0.6238749,0.35999614,-0.3532994,0.37777779
Xu Shijun & family,1.245784,0.63777393,0.46487057,-0.38131735,0.31111112
Paul Sciarra,1.355784,-0.4713301,0.43271008,-0.29933906,0.51111114
Huang Qiaoling,1.063436,0.48111248,0.32507867,-0.2795804,0.25555557
Justin Sun,8.5,0.4810682,0.21603361,-0.21594527,0.6111111
Lin Shu-hong,5.315027,0.5372188,0.2945986,-0.32954887,0
Bina Chhabria,1.229184,0.5376402,0.1945047,0.16557857,0.24444444
Patricia Angelini Rossi,1.608168,-0.4868181,-0.3409548,0.17097464,0.21111111
Jiang Long,1.15567,0.613962,0.52394485,-0.3417535,0.43333334
Ke Guihua,1.273464,0.5982323,0.42509964,-0.36599585,0.33333334
Anand Burman,1.781801,0.55337864,0.3100291,0.1254045,0.18888889
Raj Sardana,2.033898,-0.73693126,0.4947544,0.07241262,0.2777778
Ian Wood & family,2.020265,-0.016840206,0.7122179,0.45967543,0.07777778
Yuri Karptsov,1.306856,0.30543986,0.3839292,-0.27380076,0.32222223
Roman Trotsenko,3.640608,0.3064592,0.7374863,0.39772123,0.3888889
Li Haizhou & family,1.082743,0.6515412,0.2962388,-0.29101604,0
H. Fisk Johnson,4.632318,-0.42166054,0.38974497,0.016325412,0.25555557
J. Frank Harrison III & family,2.100288,-0.7220258,0.5164263,0.11638544,0.22222222
Tim Sweeney,5.076,-0.53305835,0.39182103,0.1057313,0.3888889
Wu Guanjiang & family,2.764938,0.6397116,0.3785168,-0.19019236,0.36666667
Peter Sondakh,3.649164,0.5945532,-0.08200897,-0.24932672,0.16666667
Cao Ji,1.637773,0.6543575,0.44213706,-0.38025522,0.18888889
Kostyantin Zhevago,1.138799,0.28317836,0.6752758,0.480285,0.43333334
Chu Jian,1.56546,0.6543575,0.44213706,-0.38025522,0.31111112
Rafique Malik,2.158942,0.51422125,0.18603231,0.15836617,0.16666667
Garrett Camp,4.902114,-0.4920468,0.45172927,-0.3124961,0.47777778
Juan Domingo Beckmann Legorreta & family,1.790936,-0.7850127,0.28043675,-0.12612785,0.35555556
Jack Dorsey,5.919713,-0.5969189,0.5480083,-0.37909976,0.45555556
Andrew Cherng,7.640846,-0.42122856,0.3402328,-0.19765148,0.13333334
Thomas Wu,2.933493,0.69238967,0.37969077,-0.42473608,0.16666667
Massimo Doris,2.693958,0.06373356,0.40560326,0.39396003,0.35555556
Jerry Speyer & family,2.219312,-0.43794087,0.39205512,0.12552793,0.055555556
Vladislav Filev & family,2.153122,0.28537542,0.68674874,0.3703588,0.31111112
Chirayu Amin,1.486948,0.6796053,0.2911322,0.20507984,0.12222222
Ric Elias,1.0357,-0.64546853,0.461669,0.10404495,0.35555556
Sunny Varkey,4,0.66315424,0.37741253,0.45903042,0.24444444
Barbara Banke & family,2.543,-0.44223166,0.4220921,-0.28611645,0.2
Torstein Hagen,17.068196,0.08836434,0.65708435,0.6052421,0.08888889
Alexander Evnevich & family,1.531583,0.20881996,0.7148094,0.35715044,0.26666668
Stanley Kroenke,22.238497,-0.5128559,0.35056415,-0.08046881,0.13333334
Liu Debing,9.680143,0.44250873,0.41317335,-0.21963641,0.45555556
Prathip Chiravanond,2.185681,0.7980367,0.19866513,-0.1479278,0.14444445
Michael Wisser,1.416259,0.11825966,0.94811743,0.7802791,0.41111112
Lorenzo Fertitta,3.626064,-0.54276377,0.4383987,-0.254679,0.37777779
Waldemar Munich,1.001631,0.08560083,0.48142737,0.35902297,0.24444444
C. Dean Metropoulos,4.324251,-0.57182586,0.29207367,0.1004538,0.12222222
Lai Jianfa,1.601979,0.5150972,0.36602443,-0.31513417,0
Lottie Tham & family,3.197039,0.14122283,0.76775545,0.4328725,0.15555556
Yu Renrong,5.322215,0.5261272,0.3546985,-0.3230356,0.34444445
Alfredo Egydio Arruda Villela Filho,2.579112,-0.38962665,-0.23355836,0.36798674,0.37777779
Salil Singhal,2.368764,0.70286244,0.39377704,0.15927994,0.13333334
Jack Dangermond,14.861977,-0.41674057,0.3166567,-0.21401475,0.11111111
Stanley Tang,1.019145,-0.4724262,0.4337164,-0.30003518,0.6333333
Wang Laisheng,11.481911,0.6886041,0.31309035,-0.3075705,0.32222223
Chen Qiongxiang,3.077615,0.6238749,0.35999614,-0.3532994,0
Benjamin Otto,2.215234,0.057922553,0.45193306,0.32873014,0.44444445
Beda Diethelm,2.340146,0.08430341,0.6159333,0.5607389,0.06666667
Nutchamai Thanombooncharoen,1.113109,0.6464078,0.16091827,-0.11982117,0.3
Ken Langone,9.759053,-0.47187722,0.42510915,0.13782927,0
Joseph Bae,1.866326,-0.6465031,0.5787651,0.18530858,0.41111112
Marina Prada,1.953501,0.07879748,0.5014707,0.4870755,0.11111111
Kim Hyoung-nyon,1.229327,0.54552555,0.5252419,-0.41076073,0.45555556
Phillip Frost,2.310218,-0.6804897,0.3340982,0.11828469,0.011111111
Michael Rees,1.122464,-0.6406169,0.58382523,0.18982258,0.44444445
Vinod Rai Gupta,4.096354,0.5764843,0.322974,0.13064063,0.11111111
Maria Angelicoussis,7.493616,0.25295416,0.49085012,0.5754865,0.5222222
Meg Whitman,3.766009,-0.5682486,0.43594483,-0.30525056,0.23333333
Pavan Jain,1.836183,0.50058675,0.28045255,0.11344102,0.17777778
Jason Jiang,4.581437,0.6178258,0.43902266,-0.3779831,0.42222223
Toto Wolff,2.659249,0.112362765,0.83237296,0.86260974,0.41111112
Peter Woo,14.299681,0.5074038,0.22786017,-0.227767,0.12222222
Zou Zhinong & family,14.272016,0.4923956,0.3478574,-0.29114866,0.36666667
Herb Chambers,2.762819,-0.5643344,0.544011,0.19365731,0.07777778
Ben Navarro,3.190296,-0.53802454,0.35183567,0.095519945,0.3
Michael Hintze,2.689212,-0.00096607953,0.55377746,0.44035935,0.2
Eleonora Berlusconi,1.798325,0.090189904,0.572229,0.5522799,0.56666666
Todd Christopher,4.1,-0.7559307,0.4045469,0.09549494,0.3
Ioannis Papalekas,2.396806,0.27012533,0.3462293,0.41038305,0.45555556
Otto Happel,4.084616,0.057582576,0.42818865,0.3944057,0.14444445
Johannes von Baumbach,6.542045,0.06794025,0.5769632,0.47984496,0.7777778
Archie Hwang,2.125137,0.54982346,0.3015107,-0.337281,0.18888889
Vasily Shikin,2.279489,-0.5022751,0.46111953,-0.31899205,0.5555556
Julia Oetker,1.569695,0.05902438,0.5097473,0.39337775,0.4888889
Andrii Verevskyi,1.075992,0.2656947,0.63358366,0.45063177,0.43333334
Zhang Xuexin & family,9.234038,0.56681454,0.46581742,-0.2764846,0.13333334
Roland Duchatelet & family,1.412833,0.04066599,0.55190825,0.44801387,0.12222222
Kjeld Kirk Kristiansen,7.309353,0.07121172,0.6596752,0.443761,0.13333334
Henrietta Goh,1.23279,0.6731531,0.015608995,-0.16596639,0.64444447
Stephen Winn,1.4868,-0.56985253,0.36961213,-0.06801833,0.12222222
Kumud Bajaj,3.807967,0.7547391,0.27304563,0.23243915,0.21111111
Radovan Vitek,7.085954,0.054073445,0.434631,0.4116171,0.4
Pia Hollweg-Vajen,1.752853,0.067335546,0.5852229,0.4345989,0.43333334
Morris Chang,8.051078,0.5542014,0.2986992,-0.33258453,0
Matteo Danieli,1.3,0.09705597,0.61766857,0.5999378,0.54444444
Robert Kraft,13.841585,-0.60283697,0.58037096,0.2061422,0.06666667
Vladimir Ivanov,1.231123,0.29601452,0.32528132,0.42621675,0.3888889
Li Haiyan,1.819844,0.59802043,0.36557102,-0.14984314,0.41111112
Teresita Sy-Coson,1.423859,0.69322944,0.21068636,-0.4162418,0.16666667
Tom Gores,10.0556,-0.6464993,0.49710798,-0.34956652,0.32222223
Pan Laican,1.419057,0.64969885,0.30028015,-0.2775424,0
Shaul Shani,5.176441,0.12518239,0.7966663,0.7737973,0.22222222
Joesley Batista,4.956318,-0.59427065,-0.35623044,0.5612648,0.41111112
Pierre Omidyar,11.809338,-0.21103778,0.21838658,-0.5186404,0.35555556
Tony Tamer,7.797,-0.6465031,0.5787651,0.18530858,0.24444444
Lee Hwa-kyung,1.015274,0.3756893,0.36172047,-0.28288028,0.23333333
Sudhir Mehta,8.006443,0.56018764,0.24951772,0.17568843,0.21111111
Herbert Allen Jr & family,2.047004,-0.4174923,0.3737491,0.11966672,0.055555556
Xu Yingzhuo,2.039792,0.67810327,0.31505442,-0.2913365,0.36666667
Vadim Moshkovich,2.940654,0.20303927,0.4886089,0.26350337,0.35555556
Patrick Hanrahan,1.559069,-0.41213888,0.3720787,-0.25972152,0.22222222
Juan Roig,9.610173,-0.5235686,0.101211205,0.2115313,0.15555556
Joe Rogers Jr,1.984,-0.5993721,0.40240115,0.058895726,0.12222222
Thomas Straumann,4.878209,0.061770745,0.51253206,0.46460047,0.31111112
Liu Xiucai & family,1.307966,0.42666987,0.3031886,-0.26103473,0.24444444
Julio Ponce Lerou,3.749285,-0.549519,-0.3848689,0.19299573,0.11111111
David Velez & family,14.044453,-0.5741705,-0.34418157,0.542281,0.51111114
Li Shuirong & family,15.482798,0.51937425,0.3509314,-0.3018148,0.23333333
Alex Birkenstock,2.130384,0.11287441,0.6089756,0.5422849,0.36666667
Catherine Phillips,1.969311,-0.59133667,0.5750356,0.11068061,0.17777778
Elena Baturina,1.3158,-0.0011178248,0.64076114,0.50952804,0.31111112
Cho Jyh-jer,2.572272,0.5789465,0.3324429,-0.24753898,0.23333333
Youssef Mansour,1.817,0.39723527,0.4432088,0.6546314,0.11111111
Richard Fortin,2.06752,-0.4235675,0.4511177,0.12598124,0.14444445
Stephen Feinberg,4.976,-0.6465031,0.5787651,0.18530858,0.2777778
Wang Qiangxiang,1.501608,0.5801143,0.41456708,-0.31862825,0.4
Alain Merieux & family,6.954564,0.045235638,0.5495719,0.5334825,0.033333335
Ramzi Musallam,10.784,-0.6465031,0.5787651,0.18530858,0.36666667
Tse Ping & family,7.814792,0.6477167,0.29087055,-0.29075164,0.18888889
Mrudula Parekh,1.854806,0.59970236,0.21695721,0.18469203,0.14444445
Edward Bass,2.990034,-0.66697735,0.43213224,-0.08568789,0.11111111
Chang Kuo-Hua,2.962265,0.5902811,0.32369676,-0.36209914,0.22222222
Qiu Jianping & family,5.10002,0.6567281,0.44373882,-0.3816328,0.3
Li Zhigang,1.525244,0.6425313,0.41654426,-0.28966463,0.45555556
Jim Pattison,11.972261,-0.45682815,0.63301194,-0.29802185,0
Alexander Sixt,1.492136,0.11006289,0.612125,0.5373512,0.4888889
Markus Persson,1.461173,0.089029394,0.48400673,0.27289054,0.4888889
John Lim,1.211837,0.58342326,0.01352835,-0.14384343,0.23333333
Carlos Hank Rhon & family,4.518352,-0.5443425,0.19446011,-0.087459415,0.13333334
Bennett Rosenthal,1.887148,-0.65444684,0.50207376,-0.35155433,0.31111112
Eugene Kaspersky,2.027579,0.21055871,0.5067043,0.27326205,0.33333334
Nicoletta Zampillo,6.175782,0.07379122,0.54663855,0.5664957,0.25555557
Karen Pritzker,7.082287,-0.45662898,0.41960174,0.14121853,0.25555557
Hermanto Tanoko,2.421729,0.6344182,-0.08750771,-0.26604417,0.3
Ted Alfond,3.479714,-0.72890437,0.36216497,0.12328755,0.1
Wang Shih-Chung,1.205133,0.6456673,0.3540693,-0.39607498,0.3
Drayton McLane Jr,4.629139,-0.49864262,0.30326605,-0.06425607,0.011111111
Abigail Bennett,1.058647,-0.4419536,0.42423806,0.09704365,0.5
David Teoh,2.427446,0.90875417,0.5218252,-0.3885542,0.23333333
Chow Shing Yuk,1.781,1.0413989,0.46766168,-0.46747047,0.47777778
Steve Cohen,22.980652,-0.52848995,0.4792713,0.15525746,0.23333333
Steve Lavin & family,6.263,-0.5032028,0.4510857,0.020650573,0.22222222
Balkrishan Goenka,2.787484,0.6246038,0.22596593,0.192361,0.34444445
Bris Rocher,2.591292,-0.015537752,0.592941,0.53156424,0.47777778
Eric Li,17.898517,0.59371716,0.40116355,-0.3450164,0.31111112
Edward Glazer,2.011,-0.49178442,0.37814423,-0.26591116,0.37777779
Karl Friedrich Braun,1.765665,0.07968795,0.59620667,0.4739095,0.53333336
Mario Verrocchi,5.49161,0.3585356,-0.48466948,-0.511345,0.24444444
Andrei Guryev & family,10.772905,0.30893797,0.7434514,0.40093818,0.2777778
Vladimir Krupchak,1.630054,0.39295003,0.49877703,0.60421425,0.25555557
Peter Kamprad,1.210323,0.04233121,0.66002375,0.536193,0.32222223
Nicholas Howley,2.018454,-0.6005042,0.27721134,0.086747915,0.3
Vincent Lo,1.444639,0.5074038,0.22786017,-0.227767,0.14444445
She Yingjie,2.794404,0.57586795,0.33903736,-0.23673609,0.24444444
Prajogo Pangestu,23.442194,0.7280785,-0.08283665,-0.2204454,0.1
Brian Hill,2.111951,-0.32005087,0.44348413,-0.2087922,0.2777778
Leon Black,12.290559,-0.6465031,0.5787651,0.18530858,0.17777778
Gaye Farncombe,5.711138,0.52692723,0.3025724,-0.22529723,0.18888889
Lesley Bamberger,1.905369,0.031277277,0.47603622,0.36560622,0.33333334
Mahima Datla,3.147091,0.55392194,0.17699893,0.11313562,0.46666667
Polys Haji-Ioannou,1.325279,0.07805571,0.5782295,0.5992343,0.2777778
Fabrizio Di Amato,3.366118,0.094337426,0.39061603,0.42513138,0.31111112
Liu Hanyuan,7.635494,0.5259625,0.32152185,-0.13178793,0.32222223
Michael Teel,1.5069,-0.5960475,0.55765253,-0.36517838,0.17777778
Judy Faulkner,7.8121,0.49262375,0.2828746,-0.21063013,0.08888889
Alexander Savelyev & family,1.457347,0.17671663,0.6049168,0.30224323,0.21111111
Pamela Mars,11.900678,0.28057873,0.3407408,0.48763016,0.2777778
Denise Prenosil,1.093117,-0.5409792,0.47137356,0.09568637,0.2777778
Don Hankey,8.1519,-0.49548107,0.4002077,-0.2324927,0.08888889
Lucy Guo,1.4474,-0.45130038,0.34622532,-0.24242856,0.65555555
Brad Jacobs,15.951943,-0.8928954,0.8097395,0.26231092,0.23333333
Filippo Ghirelli,1.55823,0.063952126,0.47375143,0.49096093,0.5
Stefan Quandt,28.132859,0.058175344,0.46106368,0.3808797,0.34444445
Lee Sang-hoon,1.487827,0.3794715,0.36536208,-0.28572816,0.31111112
Xu Xudong & family,1.443931,0.6059808,0.40853336,-0.37206474,0.3888889
James Cameron,1.1,0.052264493,-0.5040161,-0.5715959,0.21111111
William Ackman,9.019519,-0.53200406,0.47626278,0.15248947,0.34444445
Robin Khuda,2.092287,0.3063392,-0.42687666,-0.5573976,0.4888889
Kochouseph Chittilappilly,1.185764,0.61733854,0.111373015,0.15094523,0.16666667
Stephan Crétier,2.697055,0.5145374,0.2928321,0.3561589,0.31111112
Igor Olenicoff,8.000048,-0.53089744,0.2660769,0.092777655,0.07777778
Abbas Sajwani,1.874249,0.4476175,0.25474685,0.3098375,0.7111111
Steven Tisch,2.195267,-0.57835835,0.4447129,-0.3127223,0.15555556
Vitali Machitski & family,1.572559,0.2607853,0.6275733,0.3384459,0.21111111
Marius Nacht,1.810321,0.29627603,0.3255687,0.4265933,0.34444445
Alexander Rakshin & family,1.407245,0.51401067,0.6952406,0.0563331,0.17777778
Martin Lorentzon,11.234285,0.097858265,0.5320047,0.29995257,0.37777779
Dorle Hager,1.22758,0.11240243,0.62576926,0.5513126,0.32222223
Liu Yongxing,11.214423,0.6095416,0.43313596,-0.37291482,0.14444445
Laurence Escalante,1.145382,0.54373527,-0.37687624,-0.26357105,0.51111114
Thierry Dassault,8.852938,0.022532832,0.62922406,0.5493472,0.24444444
Amelie Voigt Trejes,1.025637,-0.54358476,-0.37909278,0.48009172,0.7777778
Lei Jufang,1.824352,0.6022648,0.4515981,-0.14837529,0.2
Luciano Hang,2.268058,-0.58013827,-0.39384645,0.5058587,0.3
Peter Gilgan,6.870888,-0.42969322,0.41784808,0.08042578,0.17777778
Christopher Kwok,2.31585,0.5074038,0.22786017,-0.227767,0.56666666
Pauline MacMillan Keinath,9.455339,-0.53355813,0.42635316,-0.0018428924,0
Cai Hongbin,1.078139,0.5512249,0.43566287,-0.3082664,0
Surin Upatkoon,1.535644,0.6127486,0.03433913,-0.12674369,0.15555556
Huang Dawen,1.753626,0.6685625,0.3002318,-0.30010906,0.2777778
Min Kao & family,7.402457,-0.5198971,0.42187336,-0.04198434,0.15555556
Ricardo Villela Marino,1.642223,-0.38962665,-0.23355836,0.36798674,0.43333334
Mofatraj Munot,1.388802,0.54288876,0.19640349,0.16719498,0.1
Safra Catz,2.907071,-0.5422526,0.26989233,0.09421519,0.2888889
Laurene Powell Jobs,13.532799,-0.43633738,0.39459306,-0.27417037,0.31111112
Ernest Garcia III,9.473754,-0.6729962,0.47974065,-0.27291957,0.5222222
Gerry Harvey,3.550299,0.22468995,-0.3131003,-0.40883318,0.044444446
Kenneth Hao,2.454,-0.4145665,0.36692175,0.11398212,0.36666667
Law Kar Po,9.352968,0.5074038,0.22786017,-0.227767,0.14444445
Kwek Leng Kee,2.803997,0.81109136,0.018807491,-0.19997516,0.22222222
Henry Engelhardt,1.572404,-0.022206113,0.5028928,0.3996893,0.25555557
Madhukar Parekh,3.098304,0.59970236,0.21695721,0.18469203,0.13333334
Kelcy Warren,7.780731,-0.73911446,0.47939715,-0.08822165,0.22222222
G. Rajendran,2.060979,0.5515812,0.13010149,0.094496444,0.07777778
Mark Pincus,1.427299,-0.5873519,0.5392252,-0.37302384,0.34444445
Julian Baker,3.392591,-0.46190867,0.4135117,0.13239788,0.34444445
Bharat Desai,1.557,-0.7196631,0.35248807,0.12499699,0.18888889
Narendrakumar Parekh,2.130523,0.59970236,0.21695721,0.18469203,0.033333335
Gordon Wu,2.218587,0.5074038,0.22786017,-0.227767,0
Xie Liangzhi & family,2.45854,0.46468604,0.43388045,-0.23064399,0.34444445
Hasso Plattner & family,13.364994,0.060267787,0.46547922,0.39427555,0.1
Olivier Pomel,2.825686,-0.5158326,0.4617857,0.14785421,0.46666667
Jose Roberto Ermirio de Moraes,1.425516,-0.5568958,-0.33382642,0.5259658,0.24444444
A. Jayson Adair,1.481162,-0.5394733,0.34990785,-0.064392224,0.37777779
Juan Maria Riberas Mera,1.599579,-0.030015655,0.3958068,0.46382976,0.36666667
Weng Xianding,1.536409,0.5980227,0.27190536,-0.26711157,0.2888889
Eduardo Hochschild,4.789052,-0.58242184,-0.1275105,0.13416083,0.31111112
Deepak Mehta,1.087247,0.5180839,0.22193898,0.15633862,0.23333333
Uday Kotak,13.421639,0.5280458,0.19103366,0.16262375,0.26666668
Guillaume Pousaz,7.823,-0.0011763432,0.67430514,0.53620195,0.51111114
Hajime Satomi,1.334562,0.38966736,0.43267316,-0.4593456,0.07777778
Mikhail Lomtadze,6.01787,0.6111728,0.5903203,0.14209512,0.44444445
Barry Diller,5.132641,-0.5677493,0.5082628,0.16273522,0.07777778
Guilherme Benchimol,2.024392,-0.52010816,-0.32115155,0.5542039,0.45555556
T.S. Kalyanaraman,2.390341,0.6995963,0.1337241,0.17162104,0.13333334
Tan Yu Yeh,1.514001,0.55010086,0.03283134,-0.10942188,0.4
Jed McCaleb,3.909,-0.38034105,0.34982774,-0.24018893,0.44444445
Jitendra Virwani,2.109083,0.5720307,0.13491878,0.12583506,0.34444445
Qin Long,1.239363,0.46873719,0.39570507,-0.27479103,0.33333334
George Argyros & family,3.071993,-0.6316334,0.4753174,-0.33484206,0.022222223
Michael Polsky,2.479,-0.46501976,0.4168573,0.019083606,0.15555556
Nathan Blecharczyk,8.84763,-0.5372756,0.4932521,-0.34122065,0.53333336
Yeh Kuo-I,1.752174,0.7297836,0.41905665,-0.3120321,0.06666667
Bertil Hult,2.6274,0.06324928,0.47032675,0.4332192,0.06666667
Zbigniew Juroszek & family,1.855494,0.13451138,0.49734983,0.39895287,0.3
Jon Yarbrough,5.444384,-0.54108727,0.45680818,0.06644875,0.24444444
Eugene Wu,2.599835,0.69238967,0.37969077,-0.42473608,0.11111111
Pang Kang,8.872796,0.48394138,0.22366977,-0.2067331,0.23333333
Wang Mingwang,1.404204,0.6886041,0.31309035,-0.3075705,0.35555556
Paul Fireman,1.489,-0.58971995,0.56774276,0.20165679,0.1
Marco Squinzi,1.146599,0.07580097,0.48240077,0.468553,0.4
Ralph Lauren & Family,13.684992,-0.6309403,0.56483287,0.18084778,0.044444446
Zhang Yuqiang,2.421546,0.6018556,0.41381705,-0.35528335,0.22222222
Qi Shi & family,11.908534,0.5562543,0.3952704,-0.3403139,0.3888889
Art Levinson,1.599028,-0.54222965,0.47991303,0.1490822,0.16666667
Peter Thiel,29.753029,-0.56906605,0.43657196,-0.30568966,0.35555556
Rihanna,1.02811,-0.42898887,0.32910857,-0.23044331,0.5888889
Bernard Fraisse & family,4.450413,0.02069003,0.5777642,0.5044199,0.23333333
Zhang Congyuan,8.385176,0.63741875,0.3477655,-0.38784188,0.14444445
Jeff Skoll,5.34453,-0.6857769,0.34840256,0.120241106,0.33333334
Cameron Adams,3.78,0.24514647,-0.341606,-0.44605476,0.4888889
Edouard Carmignac,1.189963,0.023126582,0.6458044,0.56382275,0.13333334
Otto Toto Sugiri,8.879571,0.61006653,-0.06940992,-0.18471411,0.2
Victor Fung,1.062427,0.4856473,0.21808995,-0.21800078,0.11111111
Chen Shibin,2.42436,0.64464164,0.5094952,-0.3605087,0.34444445
Jay Paul,3.267006,-0.40103796,0.36817756,-0.2546969,0.13333334
Yu Lili,1.486809,0.47368836,0.27584982,-0.20078501,0.36666667
Ernesto Bertarelli,11.548379,0.06529301,0.5419333,0.51061773,0.33333334
Richard Saghian,2.149,-0.4587397,0.3519326,-0.2464248,0.51111114
Vikas Oberoi,4.496654,0.54288876,0.19640349,0.16719498,0.3888889
Shirley Kao,1.391107,0.6352238,0.31188312,-0.3699072,0.23333333
Thomas Bruch,1.678314,0.045552816,0.42701304,0.36227995,0.16666667
Palmer Luckey,3.548823,-0.5951543,0.4478661,-0.31550372,0.6333333
Wang Xicheng & family,1.788825,0.4339624,0.38422987,-0.25470632,0.14444445
Hank Meijer & family,6.456158,-0.41861632,0.3909835,0.03171029,0.18888889
Mark Shoen,3.742067,-0.50526744,0.36017638,-0.20490068,0.16666667
Joe Kiani,1.246316,-0.5219692,0.39316097,-0.27547204,0.32222223
Hasmukh Chudgar & family,7.6088,0.67376727,0.30010816,0.21130976,0
Rafaela Aponte-Diamant,44.434609,0.05909614,0.5756695,0.548832,0.11111111
James Dinan,2.409,-0.52591103,0.4822473,0.15479903,0.26666668
Elisabeth DeLuca & family,9.028439,-0.58416986,0.29225773,0.10169346,0.13333334
Amit Burman,1.184608,0.55337864,0.3100291,0.1254045,0.37777779
Harald Tschira,2.042578,0.060267787,0.46547922,0.39427555,0.43333334
He Xiangjian & family,32.879011,0.69727725,0.32227013,-0.29786724,0.07777778
Shekhar Bajaj,3.808009,0.7547391,0.27304563,0.23243915,0.14444445
Andreas Pohl,2.56464,0.1607951,0.62945485,0.5740964,0.32222223
Rajiv Jain,4.49937,-0.7931735,0.39478177,0.13781214,0.36666667
Carlo Fidani,4.537485,-0.4270739,0.41530097,0.07993551,0.22222222
Kwee Liong Seen,1.830737,0.58342326,0.01352835,-0.14384343,0.2
Gerda Tschira,2.042578,0.66270864,0.38054085,-0.283353,0.08888889
Wu Xiaoge,1.433811,0.49420136,0.30210623,-0.12382969,0.41111112
Jamshyd Godrej,5.289259,0.8066671,0.29183185,0.24843156,0.15555556
Xu Jiangnan,1.170144,0.48072755,0.2989692,-0.24617752,0.3
Otto Philipp Braun,3.983229,0.07968795,0.59620667,0.4739095,0.47777778
Haryanto Tjiptodihardjo,4.224892,0.8339669,-0.09488404,-0.252506,0.31111112
Pat Stryker,3.835856,-0.5536709,0.49123317,-0.14923006,0.23333333
Girdhari Jaisinghani,1.778204,0.65378755,0.2365239,0.20134881,0.1
Faisal Bin Qassim Al Thani,1.697015,0.60439223,0.36465868,0.48022148,0.14444445
Solina Chau,2.35246,0.52844423,0.3034435,-0.22594585,0.2888889
Viktor Vekselberg,10.024838,0.2692601,0.6479677,0.34944445,0.24444444
James Chao & family,4.039772,-0.7771657,0.44638082,-0.07296137,0.13333334
Ben Silbermann,1.225839,-0.50996476,0.46817908,-0.3238757,0.5222222
Gerald Frere,2.923364,0.030760566,0.4699684,0.38843986,0.17777778
Wei Yin-Heng,2.337,0.5857453,0.41622645,-0.35835633,0.26666668
Helena Dassault,2.342725,0.019304978,0.539087,0.47065255,0.6
Marcel Erni,3.061144,0.089336574,0.6507371,0.5965189,0.33333334
Fabien Pinckaers,4.484044,0.032490652,0.47322452,0.38827726,0.4888889
J. Christopher Reyes,13.1,-0.64245206,0.33310622,0.11170538,0.2
Larry Connor,2.087939,-0.46052873,0.38346714,0.04607566,0.16666667
Binny Bansal,1.410391,0.82107866,0.019039076,-0.20243755,0.5222222
Wee Ee Cheong,2.634802,0.56747204,0.013158475,-0.13991064,0.2
Linda Pritzker,2.1842,-0.39722824,0.46418434,-0.17680757,0.2
Ingrid Wu,1.489798,0.71269065,0.40924153,-0.3047237,0.41111112
William Stone,3.299248,-0.51772624,0.47852615,0.16592976,0.22222222
Artur Grynbaum,1.665625,-0.57114357,-0.3583114,0.49172756,0.37777779
Pansy Ho,4.466434,0.6513646,0.29250875,-0.29238915,0.3
Noaman Razack,1.260425,0.5720307,0.13491878,0.12583506,0.24444444
Nicola Leibinger-Kammueller,2.44038,0.12368318,0.69560623,0.5187462,0.26666668
Carson Brice,1.340849,-0.4650303,0.34174302,0.09344061,0.35555556
Stewart Rahr,4.271704,-0.4387969,0.3928215,0.1257733,0.12222222
Clóvis Ermírio de Moraes,1.069783,-0.5568958,-0.33382642,0.5259658,0
Zhang Wanzhen,3.817388,0.6686717,0.32762158,-0.3351758,0.15555556
Li Zhiyuan,2.601246,0.66607875,0.25904572,-0.2470047,0.22222222
Stefan Reimann-Andersen,6.352,0.12145923,0.48207766,0.41342598,0.31111112
Bijan Tehrani,2.197909,0.3855727,-0.5212183,-0.5499055,0.65555555
Clifford Asness,6.282,-0.55833286,0.50633496,0.16402459,0.34444445
Neal Aronson,3.9962,-0.73422295,0.4929361,0.07214649,0.33333334
Domenico Dolce,2.137536,0.07879748,0.5014707,0.4870755,0.25555557
Yu Kai,1.708374,0.60819656,0.5678772,-0.30187455,0.46666667
Zhao Yan,2.9262,0.41176084,0.38446385,-0.2043749,0.35555556
Wang Yun'an,3.384601,0.5516069,0.3727104,-0.32054558,0.56666666
Xavier Niel & family,13.977842,0.021413991,0.5979807,0.52207,0.35555556
Lin Tsung-Chi,4.862249,0.47473395,0.22909322,-0.27756006,0.06666667
Ji Qi,4.0069,0.6335993,0.014691826,-0.15621437,0.34444445
Maximilian von Baumbach,6.542045,0.06794025,0.5769632,0.47984496,0.7
Patokh Chodiev,1.133991,0.59025955,0.5701206,0.13723287,0.2
Thomas Kaeser,6.275332,0.0787875,0.4982597,0.40669838,0.2
Shamsheer Vayalil,1.677925,0.7167294,0.40082112,0.5131844,0.46666667
Sam Gance,3.204389,0.26574755,-0.35923833,-0.37901032,0.15555556
Jean-Pierre Cayard & family,2.000416,0.016992316,0.47450644,0.41427022,0.08888889
Abdullah Al Othaim,2.24083,0.43200344,0.27277127,0.40678775,0.24444444
Katarina Martinson,2.922603,0.10282325,0.5589968,0.31517112,0.51111114
Reagan Horton,2.245971,-0.50459695,0.32692656,-0.06482656,0.44444445
Stefano Gabbana,2.137535,0.07879748,0.5014707,0.4870755,0.3
Ishay Davidi,2.10555,0.41679725,0.45810446,0.59761596,0.3
Marcos Galperin,7.177687,-0.39755586,-0.32223567,0.24479617,0.4
Teo Swee Ann,1.460521,0.51939976,0.3690818,-0.31776643,0.44444445
Dennis Washington,7.74113,-0.43263137,0.505555,-0.19256562,0
Jose Luis Rubiralta,1.275413,0.020903915,0.4889982,0.5544842,0.44444445
Mi Enhua,2.484092,0.40515,0.38887942,0.016977323,0.25555557
David Humphreys & family,1.209931,-0.5606883,0.42512056,-0.044258088,0.23333333
Boris Rotenberg,1.326386,0.2569594,0.61836636,0.33348066,0.24444444
Kai-Uwe Hollweg,1.751689,0.067335546,0.5852229,0.4345989,0.34444445
Gabriella Meister,1.648004,0.094508946,0.5568866,0.49157238,0.14444445
Ekaterina Fedun,1.090435,-0.000970496,0.55630904,0.44237244,0.5888889
Evan Williams,1.952,-0.59884167,0.5497736,-0.38032094,0.41111112
Li Jianguo,1.063611,0.9779856,0.43340167,-0.32375467,0.32222223
Maren Otto,2.629295,0.08307272,0.46720904,0.3484197,0.07777778
Harshil Mathur,1.031325,0.81992143,0.19338612,0.18036595,0.62222224
Sun Piaoyang,12.204538,0.5512249,0.43566287,-0.3082664,0.25555557
Park Dong-suk,1.678096,0.42652547,0.4106665,-0.32115805,0.2888889
Koon Poh Keong,6.748681,0.766872,0.042499576,-0.15750983,0.2888889
Kim Sang-beom,1.507484,0.45097953,0.41720998,-0.35989738,0.2888889
David Thomson,7.267906,-0.46046826,0.44777477,0.08618595,0.24444444
Terry Leprino,1.276217,-0.66100466,0.5688862,-0.17692657,0.2777778
Yin Yee Lee,1.979563,0.6260443,0.28113812,-0.28102317,0.18888889
Brendan Foody,2.2,-0.5112168,0.46932855,-0.32467088,0.75555557
J. Joe Ricketts & family,8.284737,-0.6463868,0.40861207,-0.0020848461,0.06666667
Shrikant Badve,1.359854,0.517095,0.18032594,0.14968799,0.33333334
Zhou Zongwen & family,1.257312,0.61782575,0.2809093,-0.27595678,0.24444444
Warren Kanders,0.948214,-0.59394175,0.3033699,0.10433895,0.24444444
Syed Mokhtar AlBukhary,3.583801,0.5591501,0.031335406,-0.11565712,0.17777778
Yoon Dae-in,2.1,0.3794715,0.36536208,-0.28572816,0.16666667
R.G. Chandramogan,1.67528,0.7015966,0.16548562,0.12019695,0.15555556
Leo Huang,1.585887,0.44643304,0.24356674,-0.2716353,0.17777778
Faruk Eczacibasi,1.402788,0.218675,0.39290765,0.39531812,0.21111111
Laura Love,3.17,-0.59813577,0.4298294,-0.07892024,0.31111112
Dennis Gillings,2.223491,-0.49202517,0.36421376,0.096544065,0.1
Ajay Bhardwaj,2.260056,0.63292336,0.14928088,0.13923019,0.2777778
Sergei Popov,3.017132,0.20081156,0.483248,0.26061228,0.4
Nurit Manor,2.043365,0.34402886,0.37919697,0.4946091,0.2
Eiichi Kuriwada,1.129721,0.4818962,0.4759677,-0.4904001,0.12222222
Barry Bentley & family,1.772929,-0.45425025,0.3953057,0.114657916,0.23333333
Vadim Novinsky,1.168093,0.19105853,0.45560402,0.32404503,0.31111112
Lee Kar Whatt,1.640923,0.7705758,0.028451322,-0.17177404,0.42222223
Richard Kayne,1.315,-0.4734362,0.36360842,-0.25696284,0.12222222
Ignacio Torras,1.5,-0.5703324,0.32758194,-0.053543575,0.33333334
Victor Pinchuk,2.8,0.22143203,0.5280336,0.37556005,0.2777778
Hans-Otto Kromberg,1.37433,0.06725953,0.67361873,0.5363133,0.08888889
Michael Kim,9.94845,0.35791686,0.34460884,-0.26949826,0.31111112
Helly Nahmad,1.34,0.07996258,0.59235543,0.61387336,0.45555556
Michael Ashcroft,1.998924,-0.7879963,0.32735547,0.26914772,0.12222222
Christian Hymer,1.281155,0.11208949,0.6233961,0.5472455,0.5555556
Thomas Duff,4.4546,-0.5053751,0.30762422,0.006260245,0.23333333
Peter Hager,1.22758,0.068623334,0.63687134,0.545759,0.2777778
Jack Ma,28.336775,0.4235074,0.28615597,-0.24610537,0.32222223
Gerald Engström,1.170615,0.08364651,0.5319799,0.29771549,0.14444445
David Paul,2.210193,-0.52575374,0.45480615,0.14016639,0.34444445
Leyla Tara Suyabatmaz,1.080094,0.26021057,0.46753728,0.4704056,0.34444445
Li Zhongchu,2.46349,0.42118534,0.39326355,-0.20905268,0.31111112
Christian Sinding,1.027104,0.089346476,0.6527787,0.59428257,0.41111112
Su Hua,3.676763,0.5149556,0.48081747,-0.25559497,0.5222222
Cyrus Madon,1.007675,-0.42602375,0.41427976,0.07973896,0.34444445
Roger Wang,2.517845,0.41733748,0.29824188,-0.22922295,0.15555556
Hans Sy,1.634038,0.69322944,0.21068636,-0.4162418,0.22222222
Yoshiko Mori,3.293382,0.31579328,0.35064593,-0.37226173,0.055555556
Henry Sy Jr,2.397481,0.7340079,0.22307976,-0.44072676,0.21111111
Stelios Haji-Ioannou,1.403251,0.078113034,0.578257,0.59920025,0.35555556
Ho Hung Anh,2.166451,0.5897037,0.23560336,-0.16732733,0.3888889
Nicola Bulgari,2.451179,0.113449514,0.469752,0.5112599,0.06666667
Elizabeth Sy,1.284785,0.7340079,0.22307976,-0.44072676,0.18888889
Sergei Galitsky,3.124947,0.24969119,0.39759007,0.3086072,0.35555556
Zhong Huijuan,18.066836,0.5596914,0.39771277,-0.3424167,0.2888889
Bruce Cheng,9.719082,0.61759424,0.33867466,-0.37885398,0.011111111
David Feffer,1.458155,-0.42953482,-0.25748098,0.40567842,0.23333333
Alexandra Schoerghuber & family,8.648888,0.11400708,0.634061,0.5566076,0.25555557
Daniel Feffer,1.392781,-0.42953482,-0.25748098,0.40567842,0.26666668
George Joseph,2.539365,-0.46914425,0.35991466,-0.2520139,0
Manfredi Lefebvre d'Ovidio & family,2.124051,0.08384151,0.6206639,0.643143,0.2
Henry Kravis,11.514222,-0.6465031,0.5787651,0.18530858,0.1
Said Gutseriev,1.815462,0.22141746,0.53283554,0.2873545,0.5888889
Lia Maria Aguiar,1.169421,-0.46048456,-0.2701648,0.45107543,0.033333335
Chen Huxiong,1.053989,0.45070982,0.32027122,-0.27574226,0.3888889
Miguel Krigsner,6.816167,-0.5701022,-0.35965773,0.49195302,0.16666667
Vitaly Orlov,1.164269,0.16546834,0.7883229,0.25385207,0.33333334
Lee Boo-jin,8.507222,0.63181865,0.3628032,-0.27014545,0.3888889
Tatyana Kim,8.123946,0.19485922,0.4689238,0.25288734,0.44444445
Mikhail Fridman,16.418798,0.20828402,0.50123024,0.27030998,0.32222223
Margot Birmingham Perot,5.76683,-0.52573,0.34099382,-0.06275181,0
Qi Xiangdong,1.232258,0.42118534,0.39326355,-0.20905268,0.3888889
George Kurtz,8.060172,-0.40236565,0.4797549,-0.20501727,0.3888889
Sean Parker,3.355998,-0.6539498,0.5016925,-0.35128734,0.4888889
Steven Klinsky,4.884,-0.47354433,0.42392823,0.13573304,0.23333333
James Ratcliffe,18.164951,-0.00079864875,0.45780256,0.36404088,0.2
David Golub,2.547,-0.6465031,0.5787651,0.18530858,0.3
Andrew Tan,1.611251,0.69322944,0.21068636,-0.4162418,0.18888889
Dmitri Bukhman,13.564184,-0.0012019712,0.6889956,0.5478837,0.5555556
Mitchell Jacobson,1.754944,-0.49399567,0.4456886,0.14541805,0.17777778
Alessandra Garavoglia,2.465538,0.0705787,0.449166,0.43627226,0.2777778
Richard Liu,5.571056,0.3897813,0.36394137,-0.19346549,0.43333334
David Wertheim,3.848526,0.401291,0.4414305,0.5765355,0.25555557
Jane Lauder,2.285232,-0.44889605,0.4018625,0.12866804,0.42222223
Romano Minozzi,3.238481,0.090987824,0.46844518,0.4673649,0
Elaine Marshall & family,30.93,-0.56194663,0.36448428,-0.06707467,0.07777778
Qian Ying,1.400915,0.6448576,0.4532955,-0.26754153,0.34444445
Airat Shaimiev,1.931651,0.32718688,0.6364673,0.28319725,0.3
Wang Jilei,1.31896,0.8998718,0.63944256,-0.5505376,0.33333334
Reinhold Schmieding,5.62227,0.13220349,0.4638708,0.51986384,0.22222222
John Bicket,3.559521,-0.39755502,0.36498,-0.25248492,0.5
Andrei Kuzyaev,1.314776,0.30078015,0.72381985,0.390351,0.33333334
Clayton Zekelman,2.242,-0.43375584,0.39763865,0.05313167,0.37777779
Frank Lowy,8.74998,0.31412068,0.3451776,0.4522869,0
Ruan Hongliang,2.094159,0.5477048,0.3791902,-0.3258502,0.2888889
Chung Yong-jin,2.186864,0.35576674,0.34253868,-0.26787934,0.36666667
Li Xiaohua & family,1.679736,0.5195936,0.24095632,-0.1155929,0.3
Abdulla Al Futtaim & family,4.714417,0.61394846,0.3494087,0.42497054,0.055555556
Radha Vembu,2.108116,0.54268986,0.12800427,0.09297318,0.41111112
Jose Ermirio de Moraes Neto,1.425516,-0.5568958,-0.33382642,0.5259658,0.18888889
Xu Wanmao,1.225954,0.6579817,0.44359073,-0.40399262,0.11111111
Vladimir Lisin,25.532466,0.27276036,0.65639096,0.35398707,0.23333333
Shen Xiqiang & family,2.949011,0.47256806,0.33196673,-0.27086353,0.14444445
Christopher Hohn,11.83,-0.0009969666,0.57148266,0.45443836,0.34444445
John Oyler,1.789935,-0.4010406,0.38142353,-0.2298063,0.36666667
Mark Cuban,6.038938,-0.6175364,0.40054038,-0.07370994,0.25555557
Timothy Springer,1.168947,-0.4193056,0.40355518,0.14301941,0.14444445
Horst Julius Pudwill,6.896167,0.66884744,0.30035976,-0.30023697,0.1
Jian Jun,2.666224,0.5808418,0.5423358,-0.28829715,0.31111112
Jay Y. Lee,23.230441,0.49204025,0.47374532,-0.3704883,0.36666667
Liu Fangyi,2.359278,0.55080354,0.39139712,-0.33697915,0
Bent Jensen & Family,2.324201,0.06116744,0.5174411,0.35633478,0.17777778
Luo Yangyong & family,1.876494,0.76681167,0.3919016,-0.15897797,0.44444445
Dan Gertler,1.48072,0.42382106,0.46509913,0.6090316,0.42222223
Wang Ning & family,16.461169,0.4775254,0.44586864,-0.23701672,0.5777778
Binod Chaudhary,2.079665,0.73734987,0.38844013,0.060353808,0.22222222
Sunil Vachani,2.313894,0.6844931,0.38348567,0.15511717,0.36666667
Ricardo Salinas Pliego & family,3.65314,-0.53701836,0.19184363,-0.08628264,0.22222222
Kim Kardashian,1.885,-0.63899964,0.49022308,-0.34325644,0.5
Ilona Herlin,1.975778,0.1346285,0.5568947,0.28956354,0.33333334
Li Hua,7.806868,0.4798405,0.21817097,-0.21432455,0.47777778
Stefan Olsson,2.536767,-0.0011409515,0.6540178,0.52006966,0.15555556
Sergey Dmitriev,1.389,0.28052184,0.35194156,0.41617417,0.34444445
Koo Bon-neung,2.425239,0.5064384,0.48760805,-0.38132954,0.15555556
Artem Khachatryan,1.831,0.25187987,0.31971467,0.38729963,0.44444445
Dan Olsson,3.756804,0.092561126,0.7063496,0.43671012,0.13333334
Zhu Zhaojiang,1.094708,0.56459624,0.25670722,-0.25218138,0.43333334
Rustem Sulteev,1.756209,0.32718688,0.6364673,0.28319725,0.21111111
Michael Saylor,4.252251,-0.50566053,0.24778643,0.08739997,0.33333334
Juan Abello,3.554994,-0.03195362,0.42136213,0.493777,0.06666667
Yang Weidong & family,4.019261,0.4319862,0.29907525,-0.25700486,0.36666667
Brian Higgins,1.8,-0.53200406,0.47626278,0.15248947,0.33333334
Xu Guozhong & family,1.128689,0.56165206,0.40151235,-0.32366925,0.31111112
Yang Xuegang,1.343039,0.4191495,0.39136267,-0.20804222,0.33333334
Dariusz Milek,0.985786,0.12897769,0.55106246,0.42516604,0.36666667
Heikki Herlin,2.131169,0.1346285,0.5568947,0.28956354,0.5777778
Tilman Fertitta,11.592057,-0.48909107,0.2809193,-0.045916528,0.24444444
Peter Kelly,1.073557,-0.02522296,0.6988115,0.55618083,0.24444444
Andrei Molchanov,1.329483,0.26812196,0.6452288,0.3479674,0.4
Wu Bo,1.406044,0.6081326,0.4345898,-0.33401734,0.21111111
Guo Guangchang,2.251354,0.6095416,0.43313596,-0.37291482,0.35555556
August Troendle,3.639897,-0.4823055,0.39414304,0.046318315,0.23333333
Anne Beaufour,4.19111,0.7218869,0.4145222,-0.3086557,0.31111112
Qian Jinghong,1.007888,0.60043305,0.42726278,-0.35070464,0.42222223
Bernard Saul II & family,2.735798,-0.5804578,0.48167264,0.13328598,0
Amnon Shashua,1.7652,0.41716394,0.45980823,0.5997551,0.2777778
Douglas Leone,10.390844,-0.020010823,0.6221336,0.45952097,0.24444444
Zhang Xuewu,1.209501,0.45786098,0.26663283,-0.19407618,0.43333334
Jim Kennedy,10.122619,-0.49260816,0.3307229,0.04840485,0.13333334
Gao Xingjiang,2.42202,0.4387742,0.30315426,-0.25427985,0.31111112
Travis Kalanick,3.562,-0.53571206,0.41098368,-0.28777263,0.45555556
Ronald Clarke,1.485603,-0.5249044,0.5590179,-0.01930789,0.22222222
Shigenobu Nagamori,2.24083,0.43570784,0.43758994,-0.44732594,0.1
Bill Malhotra,2.350106,-0.4088658,0.42804316,0.104233064,0.15555556
Bobby Murphy,1.531277,-0.4680628,0.39141634,0.047613475,0.5888889
Mathias Doepfner,2.761472,0.11040145,0.6341161,0.4757117,0.31111112
Peter Hargreaves,3.651387,-0.016063323,0.44504032,0.35420552,0.12222222
Yu De-Chao,1.092793,0.57616574,0.40703753,-0.3406811,0.32222223
William Berkley & family,5.93906,-0.5707659,0.27886796,0.09800379,0.12222222
Zhao Tongtong,1.417412,0.5484477,0.24629179,-0.2461911,0.35555556
Patrick Lee,4.182858,0.52688533,0.23660876,-0.23651202,0.07777778
Veronica Squinzi,1.146599,0.07580097,0.48240077,0.468553,0.41111112
Tom Persson,2.157172,0.14122283,0.76775545,0.4328725,0.5555556
Xiong Haitao,1.309185,0.7386956,0.3432063,-0.31736907,0.32222223
Vladimir Potanin,29.740299,0.19255921,0.46338892,0.24990241,0.2888889
Kristo Käärmann,2.258678,-0.0008325722,0.4772482,0.37950388,0.5
Bubba Cathy,13.622629,-0.62590754,0.42021626,0.061503164,0.21111111
Satyanarayana Chava,1.453598,0.73249173,0.2340587,0.14960755,0.2888889
Bahaa Hariri,2.270534,0.06361076,0.61964756,0.5907598,0.34444445
Byron Trott,4.337,-0.47199148,0.36542824,-0.25703883,0.25555557
Daniel Tsai,7.766024,0.69238967,0.37969077,-0.42473608,0.23333333
Tench Coxe,7.539731,-0.52013683,0.47037542,-0.32682532,0.25555557
Steve Wynn,3.864945,-0.64529276,0.32959864,0.11335988,0.07777778
Carsten Koerl,1.70453,0.08234444,0.6016208,0.5477089,0.32222223
Clemens Toennies,1.229909,0.060291503,0.53168416,0.41327307,0.23333333
Venu Srinivasan,5.679897,0.552005,0.13020144,0.09456904,0.18888889
Daniel Mate,3.885457,0.08578332,0.6118099,0.5636159,0.31111112
Satyanarayan Nuwal,6.139252,0.82119083,0.32348627,0.15836108,0.18888889
Juergen Blickle,7.486606,0.08023429,0.62009406,0.5306508,0.13333334
Alejandro Baillères Gual & family,17.496951,-0.77803224,0.27794307,-0.1250063,0.2888889
Dustin Moskovitz,10.34324,-0.59781563,0.5488316,-0.37966928,0.54444444
Gurbachan Singh Dhingra,2.424249,0.5935192,0.33251774,0.13450101,0.16666667
Brandt Louie,1.710063,-0.4184362,0.5798135,-0.272976,0.08888889
Oren Zeev,2,-0.4373861,0.39460614,-0.27452168,0.32222223
Semahat Sevim Arsel,2.865361,0.3051868,0.5483491,0.55171317,0
Lin Lairong & family,4.915739,0.61952275,0.5591982,-0.19396873,0.36666667
Lin Jianhua,4.139281,0.5668794,0.38302976,-0.32942063,0.3
Peng Zhao,1.029032,0.56831735,0.53064173,-0.28208074,0.4
Maria-Elisabeth Schaeffler-Thumann,4.437828,0.10044272,0.62423164,0.52229357,0.06666667
Li Jianli,1.920453,0.6512977,0.2961281,-0.29090726,0.41111112
Zan Shengda,1.161116,0.608003,0.4431707,-0.3635177,0.31111112
Ion Stoica,5.031,-0.43921176,0.40397546,-0.27736634,0.33333334
Alicia Koplowitz,2.221739,-0.042950593,0.5663756,0.6637124,0.2
Lina Tombolato,2.679223,0.08145493,0.40689445,0.389336,0.13333334
Sarah MacMillan,2.568498,-0.49849877,0.38243467,-0.26778248,0.21111111
John Krystynak,2.905,-0.50497514,0.47629684,-0.29121962,0.36666667
Masayoshi Son,48.781178,0.34921056,0.3877513,-0.41165453,0.24444444
Sasson Dayan & family,1.66911,-0.38962665,-0.23355836,0.36798674,0.055555556
Lin Bin,10.884287,0.46003038,0.42953345,-0.22833319,0.36666667
Tope Awotona,1.35,-0.50724524,0.34054983,0.049843125,0.51111114
Sandro Veronesi & family,1.897033,0.07271367,0.4627531,0.44946933,0.26666668
Koon Poh Ming,1.468477,0.53035355,0.031884175,-0.22548543,0.23333333
Horst Wortmann & family,1.749244,0.05413836,0.44824436,0.3467815,0.06666667
Jeffrey Michael & family,1.153667,-0.52750593,0.5268964,-0.032294128,0.23333333
Reid Hoffman,2.674553,-0.5071812,0.45865926,-0.31868473,0.35555556
Jeff Sprecher,1.194267,-0.730846,0.4906689,0.07181466,0.22222222
Yi Zheng,9.56444,0.4576287,0.3092111,-0.2659337,0.3888889
Ashwin Desai,1.179048,0.5831625,0.2366943,0.18018228,0.17777778
Charles Bronfman,2.4585,-0.54573536,0.27874735,0.095870435,0
Stewart Resnick,5.3935,-0.40939826,0.31479564,-0.22136441,0.011111111
Yu Peidi,1.342699,0.4384472,0.3115575,-0.26824003,0.2777778
Stephen Deckoff,2.861399,-0.47630844,0.65485364,0.3627277,0.33333334
Jan Koum,17.104653,-0.021999616,0.6839649,0.50519085,0.45555556
Stephen Butt & family,3.195,-0.47891167,0.31062698,-0.057163514,0.22222222
G.V. Prasad,1.622122,0.71739846,0.22923583,0.14652483,0.2777778
Fan Daidi,2.670346,0.5962776,0.4293346,-0.20448385,0.34444445
Shen Guojun,4.919995,0.38603905,0.36044723,-0.19160804,0.3
Cai Huabo,7.717188,0.62436634,0.39631793,-0.30455247,0.45555556
Jim Davis,4.015225,-0.621694,0.52637947,0.14760515,0.2777778
Philip Ng,7.114678,1.0288216,0.023856195,-0.25365672,0.26666668
Alexander Abramov,5.830664,0.23475336,0.56492805,0.30466175,0.26666668
Dewi Kam,3.379004,0.67548513,-0.07685287,-0.20452133,0.16666667
Luigi Cremonini & family,1.062131,0.12042484,0.6276198,0.623867,0.044444446
Leonardo Maria Del Vecchio,6.357989,0.088561326,0.5636082,0.5474293,0.6666667
Fiona Geminder,2.544737,0.35933477,-0.4857498,-0.51248485,0.32222223
Rajiv Bajaj,5.259155,0.7610735,0.26540828,0.22031459,0.34444445
Cheng Xue,2.769256,0.64969885,0.30028015,-0.2775424,0.3888889
Lee Yeow Chor,4.587432,0.7103503,0.037195303,-0.14699169,0.35555556
Stefano Pessina,6.307,0.07148133,0.52916366,0.5483289,0.06666667
Stefan Wirtgen,3.109713,0.19581984,0.53741974,0.44889486,0.3888889
Liu Ming Hui,1.019319,0.7361971,0.33060452,-0.33046937,0.31111112
Samuel Chen,1.751781,0.52844423,0.3034435,-0.22594585,0.16666667
Johnelle Hunt,5.310044,-0.5462518,0.39057383,0.10738424,0
David Blitzer,4.042,-0.8772563,0.7853408,0.25144985,0.37777779
You Xiaoping & family,9.543066,0.5442928,0.33645192,-0.3227511,0.25555557
John Wilson,1.73399,0.37416372,-0.5057956,-0.53363395,0.022222223
Adi Godrej,4.171743,0.5840211,0.21128415,0.17986263,0.07777778
Amy Adams Strunk,2.771,-0.48357302,0.35403758,0.027168145,0.22222222
Dominika Kulczyk,2.048945,-0.0011409515,0.6540178,0.52006966,0.46666667
Kwee Liong Tek,1.830737,0.58342326,0.01352835,-0.14384343,0.13333334
Gordon Getty & family,5.48768,-0.56829005,0.52172524,-0.36091775,0
Pan Shiyi,1.166137,0.41297907,0.3856013,-0.20497955,0.31111112
John Grayken,7.484,-0.001211536,0.69447833,0.55224353,0.23333333
Anthony Hall,2.810926,0.262711,-0.35513347,-0.37467957,0.22222222
Mong-Koo Chung,7.830771,0.513632,0.4945342,-0.38674605,0.033333335
Ben Francis,1.229983,-0.015581109,0.61209726,0.4697364,0.6333333
David Siegel,7.98,-0.529083,0.47906542,0.1538671,0.2888889
Xiong Xiaochuan,1.288224,0.5980227,0.27190536,-0.26711157,0.34444445
Bruce Karsh,2.58,-0.6476164,0.4968336,-0.34788516,0.22222222
Lyu Yixiong,2.522201,0.60874444,0.4325695,-0.3724271,0.31111112
Caroline Hagen Kjos,3.006664,0.05979296,0.42589352,0.38990632,0.54444444
Zachary Stern,1.036126,-0.52428347,0.3314247,-0.0016910159,0.5222222
Thomas Struengmann & family,10.969235,0.10520281,0.56758606,0.5054281,0.16666667
Don Levin,2.8885,-0.53753865,0.4855494,0.020764839,0.17777778
Rakesh Gangwal,5.417356,-0.5374138,0.2633463,0.092888296,0.2
William Goldring & family,6,-0.5374026,0.30970356,-0.00070442975,0.08888889
Wei Ying-Chiao,2.337,0.62005514,0.34002414,-0.38036355,0.22222222
Lalit Khaitan,1.703645,0.6373625,0.35708085,0.14443661,0.08888889
Chen Hua & family,2.811889,0.50685006,0.23045152,-0.2263886,0.34444445
Anil Gupta,1.610247,0.6685398,0.37454787,0.1515019,0.26666668
Carl Icahn,4.225572,-0.57608986,0.28365317,0.10022057,0.011111111
Charles Liang,1.691629,-0.57724756,0.5186846,-0.35923502,0.25555557
Karsanbhai Patel,3.403226,0.57512397,0.25617063,0.18037283,0.1
Zahan Mistry,2.929138,0.7547391,0.27304563,0.23243915,0.7111111
Wei Yin-Chun,2.337,0.62005514,0.34002414,-0.38036355,0.24444444
Zhou Chaonan,10.739959,0.60395837,0.5577721,-0.30395362,0.2777778
Ni Zugen,2.385613,0.5507194,0.38906074,-0.32563493,0.24444444
Marc Fielmann,3.423615,0.06422632,0.50111735,0.36450613,0.6
Yvonne Bauer,2.462846,0.089180134,0.69581616,0.5061275,0.46666667
Andrew Bialecki,1.665651,-0.50279737,0.48469007,0.17254022,0.5555556
Gail Miller & family,4.79685,-0.5674745,0.5271656,-0.22802082,0.08888889
Natacha Nikolajevic,2.311864,0.019304978,0.539087,0.47065255,0.35555556
Norman Braman,4.002117,-0.63263565,0.31000745,0.10934675,0
Pierre van der Mersch & family,2.453692,0.03344315,0.53619206,0.43784913,0
Cheng Xianfeng,1.043064,0.5791519,0.4050361,-0.2986767,0.36666667
Kabir Mulchandani,2.154338,0.4476175,0.25474685,0.3098375,0.41111112
James Packer,3.718922,-0.47435975,0.36391586,-0.25481555,0.35555556
John Abele & family,2.039,-0.66264015,0.6773034,0.19971214,0.022222223
Gustav Magnar Witzoe,4.302562,0.055843286,0.748974,0.36553434,0.64444447
Jeffrey Koo Jr,5.767756,0.69238967,0.37969077,-0.42473608,0.32222223
Viatcheslav Kantor,11.953658,0.30348998,0.33422533,0.43625182,0.2
Sam Chong,2.592532,0.35240516,-0.40392062,-0.6924738,0.07777778
William Lauder,1.580481,-0.4668839,0.41796565,0.13382393,0.2777778
Leopoldo Espinosa Abdalá,1.574849,-0.7188772,0.27953967,-0.17109355,0
John Gandel,4.500159,0.2695492,-0.3643774,-0.38443226,0
Athanasios Martinos & family,2.108664,0.23213464,0.45045048,0.5281208,0.16666667
Masahiro Noda,3.219125,0.32206836,0.35761356,-0.3796589,0.033333335
Daniel Hunt & family,2.0004,-0.7009612,0.45465055,-0.08366763,0.45555556
Diego Della Valle,1.655363,0.14193952,0.56384474,0.58274955,0.2
Albert Nahmad,1.304979,-0.54045373,0.26415384,0.092688285,0.055555556
Zheng Xiaodong,1.106517,0.63938785,0.45434448,-0.3911746,0.32222223
Igor Yakovlev,1.282136,0.2825963,0.6800609,0.3667521,0.33333334
Stephen Schwarzman,36.971451,-0.47354433,0.42392823,0.13573304,0.13333334
Dmitry Alexeyev,1.622005,0.30543986,0.3839292,-0.27380076,0.43333334
John Bloor,2.097654,-0.031043947,0.57444525,0.43896163,0.08888889
Cheng Zhenghui,1.552187,0.58008987,0.26375175,-0.25910172,0.32222223
Tony Tan Caktiong,1.0554,0.56920856,0.17299393,-0.34177485,0.2
Andrew Tisch,1.65049,-0.5516729,0.49387074,0.15812717,0.15555556
Zhang Keqiang,1.154313,0.5078954,0.23597392,-0.21820936,0.2777778
Dick Wolf,1.539,-0.5974665,0.47129643,-0.33985102,0.12222222
Andre Esteves,19.148594,-0.38962665,-0.23355836,0.36798674,0.36666667
Scot French,1.74513,-0.78639656,0.38745347,0.13687482,0.3888889
Donald Friese,1.75,-0.6397491,0.4907981,-0.34365904,0.055555556
Pavel Demidov & family,1.751331,0.1930017,0.46445376,0.25047666,0.36666667
Chu Lam Yiu,2.417206,0.5932932,0.2664306,-0.26632166,0.37777779
Alpana Dangi,3.090565,0.5870242,0.21237059,0.1807875,0.41111112
Gautam Adani,59.703209,0.6233979,0.2776727,0.1955127,0.3
Yinon Costica,2.28,0.32494852,0.35707602,0.4678774,0.5222222
Lucio Tan,3.243873,0.7340079,0.22307976,-0.44072676,0
Frank McCourt,1.548,0.06018727,-0.5804199,-0.65824413,0.2
Zhao Tao,2.008392,0.59984964,0.43190658,-0.20570883,0.34444445
George Economou,5.328725,0.074433364,0.5513955,0.5714255,0.2
Kerry Stokes,7.426838,0.5478811,-0.37974983,-0.26558074,0.055555556
Xu Gaoming,8.636779,0.44620788,0.4166273,-0.22147247,0.33333334
Rita Tong Liu,2.291088,0.71873325,0.322762,-0.32263005,0.14444445
Marilyn Simons & family,32.54896,-0.52773184,0.4784535,0.16027778,0.17777778
Robert Pera,31.674244,-0.51324946,0.4611793,-0.3194075,0.47777778
Lauren Leichtman,1.257,-0.78733826,0.3858156,0.13608603,0.15555556
Gu Yuhua & family,2.891337,0.6339651,0.4283583,-0.36840492,0.15555556
Kirit Doshi,1.183653,0.5783135,0.20921929,0.17810486,0.32222223
Glen Taylor,3.21015,-0.46491337,0.45257077,-0.03258483,0.06666667
Martine Rothblatt,1.774446,-0.66723406,0.36228472,0.1105784,0.21111111
Xiao Yongming & family,5.332393,0.47966415,0.44786564,-0.23807828,0.32222223
Zhang Hongchao,6.337892,0.4810216,0.36439458,-0.21063933,0.45555556
Azim Premji,8.603972,0.55263484,0.13034408,0.12156836,0.11111111
Kenneth Lo,1.318075,0.53061557,0.23828387,-0.23818645,0.033333335
Christian Latouche & family,2.764252,0.040459085,0.49154106,0.4771506,0.055555556
Sulaiman Al Habib,10.810245,0.5107372,0.32248455,0.4809259,0.18888889
Igor Altushkin,4.904327,0.2670876,0.46935835,0.15042119,0.3888889
Franz von Baumbach,6.542045,0.06794025,0.5769632,0.47984496,0.73333335
Zhang Jingzhang & family,2.285442,0.4916133,0.33143032,-0.30184448,0.011111111
Mathias Boehringer,6.542045,0.06918094,0.58749944,0.48860765,0.36666667
Spiro Latsis & family,3.713251,0.04754907,0.46318677,0.44159317,0.12222222
Franz Viegener,6.275332,0.060334396,0.5443115,0.43462202,0.53333336
Manny Stul,1.190864,0.3152059,-0.42609626,-0.44954804,0.15555556
Sulaiman Al Muhaidib,2.348902,0.5740405,0.37198254,0.47991613,0.22222222
Tsai Cheng-ta,6.269569,0.69238967,0.37969077,-0.42473608,0.16666667
Howard Lutnick & family,3.219088,-0.68006825,0.5629992,0.15655102,0.2888889
Hamad bin Jassim bin Jaber Al Thani,4.776261,0.46009168,0.27759528,0.3655671,0.26666668
Frank Blase,3.12369,0.04440346,0.44136423,0.35482582,0.26666668
Ira Rennert,3.8138,-0.47354433,0.42392823,0.13573304,0
Chen Tao & family,9.863468,0.7183403,0.33667618,-0.3260833,0.41111112
Terence (Terry) Matthews,1.580264,-0.76027936,0.7959393,0.19381972,0.08888889
Abdullah Amer Al Nahdi,2.094567,0.464762,0.28960043,0.570135,0.2888889
Thomas Secunda,5.721,-0.5844362,0.5327024,0.16878606,0.21111111
Du Jinhao,2.306176,0.57146674,0.40608022,-0.3496208,0.21111111
Eduardo Costantini,1.325791,-0.42121634,-0.3414135,0.25936517,0.12222222
Madhusudan Agarwal,1.7166,0.5513037,0.30886662,0.1249343,0.23333333
Yitzhak Tshuva,8.630963,0.29027674,0.32146224,0.41672304,0.14444445
Mark Attanasio,1.8553,-0.65444684,0.50207376,-0.35155433,0.24444444
Jamie Dimon,2.759228,-0.42596722,0.38133606,0.122095905,0.23333333
Christina Flügel,1.537386,0.09965951,0.70141214,0.53557575,0.44444445
Carl Bennet,9.774898,0.07199258,0.5493876,0.33966625,0.17777778
Ursula Hutter-Schleicher,3.491731,0.10284923,0.6676236,0.58378637,0.24444444
Hu Baifan,6.519714,0.57204235,0.38365498,-0.33801675,0.3
Samir Mane,1.855025,0.21274601,0.5517919,0.5903201,0.35555556
Charoen Sirivadhanabhakdi & family,11.094518,0.7350113,0.18297543,-0.13624512,0.1
Vladimir Voronin,1.531609,0.20645623,0.49683174,0.2679379,0.44444445
Simon Nixon,2.121388,-0.01612612,0.48600963,0.41941264,0.35555556
Ron Shaich,1.249771,-0.6360087,0.3116603,0.10992975,0.2
Nelson Peltz,1.545021,-0.0032465083,0.5130745,0.39890695,0.07777778
Christopher Olah,7,-0.4237617,0.38903934,-0.26912862,0.6333333
Giovanni Ferrero,48.093408,0.030392984,0.49233115,0.3996594,0.32222223
Yousuf Mohammad Jamjoom,1.382764,0.4510821,0.28107628,0.55335355,0
Mohamed Mansour,4.031517,-0.0011409515,0.6540178,0.52006966,0.14444445
Yigal Dimri,1.954257,0.34513196,0.37143633,0.5005008,0.23333333
Thomas Kirk Kristiansen,8.219049,0.07121172,0.6596752,0.443761,0.4888889
Lim Kaling,1.248068,0.7165735,0.016615823,-0.17667173,0.32222223
Louis Bacon,1.008,-0.5301177,0.47693563,0.15689228,0.23333333
Konstantin Goncharov & family,1.560772,0.28357154,0.6824078,0.3680178,0.4
Paul Gauselmann & family,4.075239,0.066114135,0.57234794,0.43606207,0
Jörg-Uwe Goldbeck,1.401118,0.06715869,0.57999706,0.44759023,0.36666667
Takemitsu Takizaki,18.896627,0.43470454,0.42935663,-0.4423757,0.11111111
Ma Bin & family,2.740629,0.41694096,0.3039064,-0.24928398,0.4
Edward Johnson IV,12.836475,-0.4942723,0.47647202,0.16961475,0.32222223
Zach McLeroy,1.0041,0.46868786,0.26913014,-0.20039593,0.3
Robert Miller,1.982406,0.47430414,0.21299608,-0.21290898,0
Nikesh Arora,1.37418,-0.016938647,0.5266201,0.38897267,0.36666667
Luiz Frias,1.987203,-0.53342235,-0.31975543,0.50379604,0.31111112
Liu Jingkang,3.305449,0.4958539,0.22545186,-0.22147708,0.62222224
Michel Leclercq & family,5.482616,0.026558612,0.6066825,0.49704057,0.044444446
Byunghoon Kim,2.629459,0.41854423,0.402982,-0.31514847,0.5888889
Li Ge,7.331449,0.5596914,0.39771277,-0.3424167,0.35555556
Gerry Cardinale,1.8,-0.78068125,0.39875156,0.13714387,0.35555556
Murali Divi & family,9.872122,0.71739846,0.22923583,0.14652483,0.17777778
Pantaleo Dell'Orco,2.068759,0.07879748,0.5014707,0.4870755,0.18888889
Henry Laufer,3.2,-0.6429876,0.32712278,0.11253963,0.11111111
Edwin Chen,18,-0.4627556,0.4142699,0.13264063,0.5777778
Larry Ellison,206.469119,-0.5966936,0.5253145,0.16706355,0.1
Alex Bouaziz,2.04,0.4240827,0.4660115,0.6106158,0.64444447
Yao Kuizhang,2.010342,0.5627898,0.48334077,-0.27065292,0.33333334
Kalen Jackson,1.8486,-0.55611473,0.46386063,0.037346654,0.5777778
Roberto Angelini Rossi,2.020994,-0.4868181,-0.3409548,0.17097464,0.14444445
Kokuei Yuan,1.37027,0.61351043,0.27550954,-0.27539688,0.43333334
Jonathan Tisch,2.927127,-0.5783618,0.5177634,0.1657771,0.2
Paul Van Zuydam,1.706567,0.07876211,0.48570648,0.45418757,0.033333335
Wu Yajun,6.324357,0.41297907,0.3856013,-0.20497955,0.32222223
Victoria Goh,1.23279,0.6731531,0.015608995,-0.16596639,0.67777777
Eren Ozmen,4.85677,-0.44640803,0.4245718,-0.255803,0.25555557
Jack Link & family,4,-0.4796794,0.4987035,-0.015289909,0.12222222
Ravi Jaipuria,11.193713,0.6815767,0.38185176,0.15445627,0.21111111
Nancy Mills Barnett,4.267135,-0.502664,0.4558315,0.01930788,0.31111112
Changpeng Zhao,111.431526,0.6404197,0.36447394,0.44329375,0.46666667
Kamlesh Jain,1.269302,0.57114846,0.13471681,0.09784868,0.36666667
Anders Holch Povlsen,16.686212,0.06951272,0.5847978,0.38591772,0.41111112
Wee Wei Chi,1.065516,0.56747204,0.013158475,-0.13991064,0.25555557
Tran Dinh Long,2.765414,0.53055453,0.2119716,-0.15054385,0.2888889
Pham Thu Huong,2.567352,0.7503421,0.29978296,-0.21290816,0.37777779
Andrei Bokarev,4.851485,0.2549016,0.6134143,0.33081004,0.34444445
Kishore Jain,2.195845,0.5515812,0.13010149,0.094496444,0.32222223
Yang Shaopeng,7.054764,0.55618215,0.46952558,-0.32605448,0.25555557
Wang Xin,5.452001,0.73840785,0.34273192,-0.3248871,0.42222223
Friedhelm Loh,15.24342,0.0791867,0.67867875,0.548988,0.12222222
Zhou Xiaoping,3.526271,0.66681683,0.38289985,-0.28510952,0.3
Zhuo Jun,2.818247,0.57156026,0.25667095,-0.256566,0.34444445
Greg Love,3.17,-0.4918085,0.35342103,-0.06489103,0.2888889
Jonathan Gray,7.608183,-0.47354433,0.42392823,0.13573304,0.3888889
Roberto Crippa,2.366089,0.10049036,0.6395251,0.621167,0.5
Phongthep Chiaravanont,2.226689,0.7980367,0.19866513,-0.1479278,0.18888889
Ibrahim Al Muhaidib,2.144638,0.567884,0.35856763,0.53473705,0.56666666
Miuccia Prada,4.375417,0.07879748,0.5014707,0.4870755,0.15555556
Madeleine Grogg,2.103459,0.075646825,0.56098986,0.5179257,0
Lynsi Snyder,8.6655,-0.44781667,0.37806532,0.05499456,0.5222222
Gundbert Scherf,1.979967,0.088844545,0.49411717,0.43375856,0.5222222
Cao Kejian,2.109737,0.6781492,0.42853022,-0.3738739,0.3
Luis Riu,1.755563,0.023156065,0.4138447,0.5002609,0.2777778
James Truchard,1.205373,-0.69751495,0.4108052,-0.09484207,0.08888889
Alexander Tkachev,1.802676,0.19303235,0.46452752,0.25051644,0.2777778
Robert Rich Jr,6.53868,-0.6481938,0.30527565,0.10698462,0.06666667
Markus Diehl,1.737713,0.07452617,0.45341575,0.38065395,0.53333336
Kim Dae-il,0.983821,0.6617477,0.5297323,-0.29994294,0.5
Helene Odfjell,1.636298,0.09177086,0.61038774,0.5820464,0.33333334
Paul Foster,4.397513,-0.47406563,0.3060436,-0.14030674,0.24444444
Wu Cheng,1.568657,0.6016978,0.56180924,-0.29864892,0.5555556
Hiroshi Ishibashi,1.995159,0.33264098,0.369353,-0.39212203,0.12222222
Martin Herrenknecht,1.454694,0.051690135,0.43005753,0.37898543,0.07777778
Richard Branson,2.818205,-0.7467136,0.27536324,0.35423368,0.16666667
Douglas Rippel,1.366546,-0.6553859,0.51233864,-0.08589923,0.34444445
Zhou Liangzhang & family,1.313114,0.6261807,0.4230985,-0.36388132,0.31111112
Hans Schmid,1.333217,0.053346496,0.4358316,0.38224187,0.11111111
Gleb Fetisov,1.397,0.2913637,0.36983207,0.4480114,0.34444445
Kimbal Musk,1.393425,-0.5363918,0.4668072,-0.1464444,0.41111112
Frank Laukien,1.351628,-0.623235,0.6007904,0.21386966,0.2777778
Steven Hao,1.3,-0.4144821,0.38052008,-0.26323518,0.67777777
Magdalena Martullo-Blocher,9.920015,0.059488244,0.42970437,0.3923326,0.37777779
Thomas Mueller,1.289,-0.625226,0.47965634,-0.33585754,0.2888889
Boris Zingarevich,1.934043,0.15860769,0.54292834,0.27127105,0.26666668
Dieter Müller,1.246215,0.11628425,0.64672565,0.56772524,0.21111111
Alan Gerry,1.4964,-0.5511904,0.4516216,-0.04259666,0
Philip & family Hager,1.229909,0.06939982,0.63738847,0.5450566,0.3888889
Gayle Benson,7.94364,-0.5243558,0.30218476,-0.00068732805,0.13333334
Charles Beauduin,1.174831,0.10801056,0.6537734,0.50904524,0.26666668
John Fredriksen,20.746472,-0.0010890239,0.6242518,0.49639994,0.11111111
John H. MacMillan IV IV,1.169999,-0.48232618,0.4827728,-0.027504977,0.18888889
Chad Richison,1.275478,-0.4618937,0.33417004,-0.060629934,0.3888889
Sergey Kasyanenko & family,1.122739,0.1549453,0.53039163,0.26500714,0.24444444
Larry Robbins,2.164,-0.54775023,0.39590856,-0.2762856,0.37777779
Bhaskara Rao Bollineni,1.116499,0.9054344,0.2893204,0.18493018,0.21111111
Rodolphe Saadé,7.925743,0.054436773,0.54695195,0.57791406,0.3888889
Ceyda Lale Tara,1.047988,0.26021057,0.46753728,0.4704056,0
Rahel Blocher,7.366732,0.060322173,0.42913193,0.3928315,0.45555556
Zhao Mantang,1.057559,0.64197284,0.4813725,-0.15815784,0.2777778
Rene Benko,0,0.51847506,0.29771897,-0.22168332,0.46666667
Ong Leong Huat,1.048942,0.8305825,0.046546787,-0.17180142,0.1
Luis Enrique Yarur Rey,2.386908,-0.55017346,-0.38532728,0.19322558,0.17777778
Omani Carson,1.009608,-0.61136717,0.53916883,-0.06361431,0.32222223
Thomas Kwok,2.900479,0.5074038,0.22786017,-0.227767,0.17777778
Walter Kurtz,0.99964,0.11909133,0.5959401,0.4374593,0.11111111
George Lucas,5.111921,-0.43893555,0.40652063,-0.28029662,0.1
Qian Dongqi,3.812329,0.58623236,0.4141492,-0.3466334,0.25555557
Oleg Boyko,1.912239,0.08866384,0.61715144,0.55630565,0.32222223
P.V. Krishna Reddy,2.031616,0.67728764,0.21641892,0.13833241,0.37777779
Edward DeBartolo Jr,3.851851,-0.7344694,0.3930618,0.0972373,0.12222222
Georg Haub,1.56068,0.07928057,0.44588163,0.33251485,0.3
Chen Bang,6.573772,0.5190055,0.30224,-0.21999386,0.33333334
Chen Tei-fu,2.472,-0.64616513,0.49572027,-0.3471056,0.14444445
George Roberts,12.524417,-0.02294859,0.7134683,0.5269827,0.08888889
Pei Zhenhua,15.865376,0.6238749,0.35999614,-0.3532994,0.26666668
Kenny Troutt,1.653205,-0.9330032,0.60515535,-0.11136446,0.14444445
Clive Palmer,4.048695,0.35240516,-0.40392062,-0.6924738,0.21111111
Naguib Sawiris,5.536028,0.50179976,0.559875,0.82695043,0.21111111
Koo Kwang-mo,2.005689,0.37977895,0.36565807,-0.28595963,0.47777778
Samih Sawiris,1.345171,0.25511855,0.2846444,0.42042744,0.24444444
Jeffrey Talpins,2.82,-0.6251646,0.5646251,0.18219762,0.44444445
Ray Dalio,15.38397,-0.52848995,0.4792713,0.15525746,0.15555556
Sebastian Kulczyk,1.79881,0.18350996,0.660513,0.47776538,0.5
Sidney Kimmel,1.57625,-0.40937248,0.36648005,0.11733932,0
Li Ping,11.728863,0.6238749,0.35999614,-0.3532994,0.36666667
Pedro Moreira Salles,8.88159,-0.4169233,-0.24992111,0.39376736,0.26666668
Jim McKelvey,1.64022,-0.57968,0.463208,-0.002002196,0.33333334
Remo Ruffini,3.596899,0.093845144,0.61146194,0.5869959,0.2888889
Arnout Schuijff,2.343538,0.039400026,0.5996635,0.46055466,0.35555556
Robert Rowling,8.210722,-0.53094786,0.34437817,-0.063374616,0.2
Pavel Baudis,2.263701,0.09794813,0.47018206,0.38090855,0.2777778
Chen Jianhua,18.979584,0.43017825,0.30390334,-0.25436017,0.4
Jorge Feffer & family,1.360751,-0.43278712,-0.25943053,0.4087501,0.33333334
Dirk Rossmann & family,7.533548,0.079001635,0.60615265,0.4605714,0.12222222
Luc Tack,1.171851,0.03154839,0.6321527,0.51126856,0.2888889
Mori Arkin,1.52187,0.3706687,0.40847433,0.53332216,0.18888889
Sabrina Benetton,2.186064,0.12880896,0.62179583,0.5936777,0.42222223
Carlos Alberto Sicupira & family,6.135341,0.077570915,0.5183094,0.4698506,0.14444445
Brian Armstrong,9.326031,-0.380223,0.34906814,-0.24147746,0.53333336
Tianqiao Chen,1.264941,-0.022767415,0.7078357,0.5228223,0.42222223
Mark Leonard & family,3.141719,-0.43556026,0.42355338,0.08152391,0.23333333
Suh Kyung-bae,1.360128,0.52842075,0.5087731,-0.39788145,0.31111112
Chen Huwen,1.117401,0.45070982,0.32027122,-0.27574226,0.3888889
Arturo Moreno,4.945098,-0.4595997,0.32762244,-0.18638107,0.12222222
Tseng Sing-ai,1.043282,0.5372188,0.2945986,-0.32954887,0
David Sun,16.94173,-0.6619082,0.4985667,-0.3493256,0.17777778
Sanjeev Bikhchandani,2.257908,0.720285,0.403538,0.16322818,0.31111112
Walter Frey,4.768477,0.08170094,0.5935643,0.5412308,0.08888889
Vladimir Leshchikov,1.7,0.20197186,0.4860402,0.2621181,0.23333333
Erman Ilicak,3.744088,0.29642817,0.4571893,0.45901018,0.35555556
Leo KoGuan,8.762537,0.6112785,0.014174255,-0.15071116,0.22222222
Ron Sim,2.268502,0.54536456,0.01264585,-0.13446003,0.25555557
Lorinc Meszaros,5.01827,0.18007293,0.6156249,0.53553027,0.34444445
Bernard Arnault & family,156.04356,0.017866695,0.4989233,0.43558747,0.15555556
MacKenzie Scott,28.758076,-0.45770052,0.59334636,-0.28970534,0.3888889
Jacques Merceron-Vicat & family,1.165854,0.021057272,0.58801943,0.51337326,0.033333335
Orlando Bravo,12.834129,-0.78694683,0.38636515,0.13678937,0.3888889
Othman Benjelloun & family,1.596645,-0.061859787,0.31015676,0.46291527,0
Jay-Z,2.808453,-0.6044105,0.46368724,-0.32467592,0.37777779
Lin Li,8.880009,0.5480557,0.24918665,-0.24479342,0.31111112
Carl Thoma,5.689218,-0.74070597,0.48042944,-0.08841162,0.14444445
Shari Arison,5.96481,0.32615474,0.35840148,0.46961418,0.24444444
Anthony von Mandl,5.311204,-0.3254226,0.45092756,-0.21229656,0.16666667
Huang Li,6.088068,0.4580876,0.29697192,-0.2065141,0.31111112
Behdad Eghbali,3.8563,-0.6476164,0.4968336,-0.34788516,0.45555556
Masahiro Miki,3.627385,0.43251622,0.48025104,-0.50985646,0.22222222
Greg Mondre,2.454,-0.41184655,0.3686949,0.11804847,0.43333334
Ayman Hariri,1.4,0.023557218,0.6578298,0.57432157,0.47777778
Jaroslav Hascak & family,2.149248,0.12755142,0.48410028,0.41443977,0.37777779
Roman Abramovich & family,9.345624,0.2097012,0.5046407,0.2721492,0.34444445
Ruan Xueping,5.315615,0.54749304,0.36910272,-0.33615395,0.41111112
P.N.C. Menon,3.895185,0.4476175,0.25474685,0.3098375,0.14444445
Igor Bukhman,13.564184,-0.0012019712,0.6889956,0.5478837,0.5222222
Jeff Sutton,2.689892,-0.43794087,0.39205512,0.12552793,0.2777778
Maximilian Viessmann,7.828898,0.062306,0.51189023,0.40956143,0.6
Edir Macedo & family,1.97272,-0.74220407,0.49829438,0.07293073,0.11111111
Samir Mehta,8.006302,0.56018764,0.24951772,0.17568843,0.31111112
Diane Hendricks,22.3329,-0.52678925,0.41979435,-0.003063524,0.13333334
Deng Wen,2.845746,0.70100194,0.4285238,-0.17564674,0.36666667
Dan Snyder,4.726305,-0.4327963,0.3596243,0.098260656,0.32222223
Xiong Wu,1.384955,0.51692164,0.23503082,-0.23088714,0.45555556
Martin Viessmann,2.93581,0.056028355,0.4588347,0.36686185,0.2
Chen Wenyuan & family,1.581253,0.42403802,0.29956552,-0.2507295,0.36666667
Yan Zhi,1.442326,0.4717155,0.30580673,-0.21265782,0.41111112
Wu Zhongyi,1.248505,0.59695727,0.33479592,-0.33508042,0
Donald Bren,19.212086,-0.4422189,0.33277902,-0.23442948,0
Mu Rongjun,1.319159,0.3897813,0.36394137,-0.19346549,0.5
Andrei Filatov,1.432534,0.258841,0.6228944,0.3359226,0.4
Li Chunan,4.602821,0.3720948,0.40225515,-0.2504487,0.36666667
Anil Agarwal & family,4.571832,-0.0011360908,0.6512316,0.5178541,0.2
Michaela Herz,1.169345,0.060657036,0.47326848,0.34424922,0.43333334
Akio Nitori,2.63334,0.3696074,0.5531403,-0.46217167,0.1
Kwek Leng Peck,1.58682,0.81109136,0.018807491,-0.19997516,0.23333333
Dirk Ziff,7.18875,-0.57127124,0.29326668,0.10013333,0.32222223
Felix Baker,3.392591,-0.46190867,0.4135117,0.13239788,0.37777779
Li Li,1.035057,0.6470098,0.29417852,-0.28899205,0.32222223
Girdhari Lal Bawri,1.895807,0.69301426,0.25071514,0.21342957,0.13333334
Giuseppe De'Longhi & family,5.844582,0.12025623,0.58050954,0.5542584,0.044444446
Rui Chen,1.291422,0.4647572,0.33025318,-0.2843364,0.47777778
Konstantin Nikolaev,1.1653,0.258841,0.6228944,0.3359226,0.4
Ryan Smith,3.264,-0.5023017,0.45726934,-0.19946884,0.47777778
Joseph Lau,14.266987,0.5074038,0.22786017,-0.227767,0.17777778
Xiang Wenbo,1.591059,0.7112222,0.41417632,-0.30146983,0.3
Wong Man Li,2.166414,0.71688753,0.32193315,-0.32180154,0.33333334
Lai Shixian,1.806554,0.5694106,0.30119503,-0.3102702,0.44444445
Bernd Freier,1.793704,0.07913201,0.5377139,0.44761023,0.24444444
Xiang Guangda,4.446056,0.42575005,0.2631753,-0.25245842,0.25555557
Lee Seo-hyun,8.083709,0.49204025,0.47374532,-0.3704883,0.42222223
Mao Zhongwu,1.57068,0.7112222,0.41417632,-0.30146983,0.3
Arnon Milchan,6.325203,0.34001347,0.37363043,0.48956868,0.1
Hu Rongda & family,4.017289,0.44414893,0.2845189,-0.2527654,0.26666668
Zhong Sheng Jian,1.308752,0.58342326,0.01352835,-0.14384343,0.25555557
Chris Wallin,1.458519,0.35240516,-0.40392062,-0.6924738,0.2
Torbjorn Tornqvist,5.3547,0.054584876,0.5317243,0.5069355,0.2
Wesley Edens,2.507081,-0.47354433,0.42392823,0.13573304,0.2888889
Alberto Alcocer,1.955044,-0.03195362,0.42136213,0.493777,0.07777778
Zhao Hongfei,1.447062,0.42118534,0.39326355,-0.20905268,0.43333334
Jacqueline Mars,47.576715,-0.45776722,0.44499293,0.15824781,0.044444446
Bom Kim,3.27013,0.49137813,0.47310778,-0.36998972,0.47777778
Chu Mang Yee & family,2.207677,0.5078954,0.23597392,-0.21820936,0.2777778
Stéphane Bancel,2.094321,-0.58580065,0.5647041,0.20102367,0.41111112
Yasumitsu Shigeta,6.795251,0.29734093,0.33015707,-0.35050982,0.33333334
Shalom Meckenzie & family,1.594632,0.3674935,0.40322557,0.5297041,0.45555556
Ke Xiping & family,1.571644,0.5218552,0.2693047,-0.2784331,0.2777778
Tyler Perry,1.3571,-0.7308468,0.49066946,0.071814746,0.37777779
Antonio Del Valle Ruiz & family,3.445534,-0.5446108,0.19455592,-0.08750251,0.033333335
Hua Shen,1.139355,0.5258715,0.36407444,-0.31286076,0.31111112
Aloke Lohia,1.425154,0.66442996,0.16540475,-0.123161845,0.25555557
Ugur Sahin,3.886643,0.08183842,0.67694235,0.5624174,0.33333334
Michael Milken,7.472,-0.47435975,0.36391586,-0.25481555,0.12222222
Li Jianquan & family,2.225967,0.6080788,0.27647758,-0.2716032,0.24444444
Rufino Vigil Gonzalez,2.954924,-0.55013376,0.19652896,-0.088389896,0.14444445
Frank Slootman,3.000945,-0.4120832,0.3745414,-0.25624678,0.25555557
Alexei Kuzmichev,8.272347,0.016351504,0.45661193,0.3986473,0.3
Cao Renxian,15.933688,0.56771606,0.39703834,-0.2927791,0.36666667
Miriam Baumann-Blocher,3.082344,0.053479053,0.43164888,0.3910612,0.44444445
Gao Jifan & family,2.282285,0.5931337,0.42401788,-0.34181154,0.33333334
David Cheriton,9.878724,-0.50844043,0.45979807,-0.31947598,0.17777778
Li Wanqiang,2.789183,0.46003038,0.42953345,-0.22833319,0.46666667
Leonid Simanovsky,1.653614,0.2232406,0.5372229,0.28972057,0.15555556
Wei Lidong & family,1.045389,0.44715956,0.31774843,-0.2735702,0.45555556
James Dyson,14.971834,-0.015936505,0.5186465,0.40686056,0.13333334
Vlad Tenev,4.774833,-0.4967128,0.44919237,-0.31210697,0.5777778
Nan Cunhui,2.989356,0.46439084,0.28706092,-0.27537137,0.31111112
Stewart Butterfield,1.50646,-0.46299028,0.39435202,-0.13993922,0.42222223
Sze Man Bok,1.628325,0.6348068,0.3343073,-0.3457376,0.16666667
George Thomas Muthoot,2.638593,0.54561645,0.09476611,0.13077644,0.16666667
Michael Steinhardt,1.558737,-0.5273262,0.48097828,0.15393041,0.055555556
Gopikishan Damani,6.232442,0.58223015,0.21063621,0.17931107,0.25555557
Leonid Mikhelson & family,28.30137,0.29929608,0.72024846,0.38842496,0.22222222
Sekar Vembu,1.55242,0.54268986,0.12800427,0.09297318,0.41111112
Park Hyeon-joo,5.370005,0.55880004,0.5380228,-0.42075595,0.25555557
Radhakishan Damani,15.858892,0.58223015,0.21063621,0.17931107,0.22222222
Jeff Greene,8.995087,-0.7553468,0.38581136,0.13269329,0.21111111
Sam Bankman-Fried,0,-0.64097863,0.30715021,0.14394419,0.6333333
Deniz Sahenk,1.624495,0.3051868,0.5483491,0.55171317,0.11111111
Wang Junlin & family,3.626099,0.5175147,0.3163577,-0.1296712,0.3
Emanuele (Lino) Saputo & family,6.209545,-0.581706,0.6172823,0.17134005,0.022222223
Paul-Heinz Wesjohann & family,4.056604,0.0706201,0.6504749,0.4880588,0.08888889
Sheryl Sandberg,2.342007,-0.6560534,0.58210355,0.18302387,0.37777779
Julia Thiele-Schuerhoff & family,4.575312,0.09922829,0.55186737,0.48445433,0.41111112
Madeleine Olsson Eriksson,1.160412,0.06513073,0.49702367,0.30729154,0.11111111
Song Fei,1.630021,0.55432653,0.4981236,-0.33890456,0.34444445
Leonard Schleifer,2.83511,-0.5555836,0.50413394,0.16079488,0.18888889
Cameron Winklevoss,2.675288,-0.41521055,0.3717064,0.11901269,0.51111114
Michael Hartono,17.836312,0.37261537,0.40014994,0.52789676,0.044444446
Zhong Ruonong & family,2.007467,0.650307,0.37341955,-0.27805045,0.3
Yusuf Hamied,2.470226,0.69301426,0.25071514,0.21342957,0.011111111